,stations_id,betreibername,betrieb_von_datum,betrieb_bis_datum
0,1735,DWD,1995-11-16 00:00:00+01:00,
1,342,DWD,1994-06-01 00:00:00+02:00,1998-11-30 00:00:00+01:00
2,342,DWD,2010-11-16 00:00:00+01:00,
3,7370,DWD,2006-07-31 00:00:00+02:00,
4,6097,DWD,1998-11-04 00:00:00+01:00,
5,3442,Wetterdienst,1900-11-01 00:00:00+00:18,1952-11-10 00:00:00+01:00
6,3442,DWD,1952-11-11 00:00:00+01:00,2001-04-02 00:00:00+02:00
7,3442,DWD,2004-03-25 00:00:00+01:00,
8,5688,Wetterdienst,1937-11-08 00:00:00+00:00,1952-11-10 00:00:00+01:00
9,5688,DWD,1952-11-11 00:00:00+01:00,
10,7389,DWD,2006-02-01 00:00:00+01:00,
11,3857,DWD,1993-10-01 00:00:00+01:00,
12,15000,DWD,2010-10-20 00:00:00+02:00,
13,1297,Wetterdienst,1888-11-01 00:00:00+00:18,1952-11-10 00:00:00+01:00
14,1297,DWD,1952-11-11 00:00:00+01:00,
15,1078,Wetterdienst,1938-01-01 00:00:00+00:00,1952-11-10 00:00:00+01:00
16,1078,DWD,1952-11-11 00:00:00+01:00,
17,2044,Wetterdienst,1870-01-01 00:00:00+00:18,1949-12-31 00:00:00+01:00
18,2044,Meteorologischer Dienst der DDR,1950-01-01 00:00:00+01:00,1990-12-31 00:00:00+01:00
19,2044,DWD,1991-01-01 00:00:00+01:00,
20,3621,Wetterdienst,1899-12-01 00:00:00+00:18,1909-12-31 00:00:00+00:00
21,3621,Wetterdienst,1910-03-21 00:00:00+00:00,1945-04-30 00:00:00+02:00
22,3621,Wetterdienst,1946-09-01 00:00:00+02:00,1952-11-10 00:00:00+01:00
23,3621,DWD,1952-11-11 00:00:00+01:00,
24,3348,DWD,1990-07-01 00:00:00+02:00,
25,4323,Wetterdienst,1902-08-01 00:00:00+00:00,1952-11-10 00:00:00+01:00
26,4323,DWD,1952-11-11 00:00:00+01:00,
27,330,Wetterdienst,1900-11-15 00:00:00+00:18,1952-11-10 00:00:00+01:00
28,330,DWD,1952-11-11 00:00:00+01:00,
29,5335,Wetterdienst,1882-02-01 00:00:00+00:18,1949-12-31 00:00:00+01:00
30,5335,Meteorologischer Dienst der DDR,1950-01-01 00:00:00+01:00,1990-12-31 00:00:00+01:00
31,5335,DWD,1991-01-01 00:00:00+01:00,1999-09-30 00:00:00+02:00
32,5335,DWD,2006-05-09 00:00:00+02:00,
33,2023,DWD,1974-10-09 00:00:00+01:00,
34,2985,Wetterdienst,1936-06-01 00:00:00+01:00,1945-02-28 00:00:00+01:00
35,2985,DWD,1991-01-02 00:00:00+01:00,
36,15813,DWD,2016-12-20 00:00:00+01:00,
37,6093,DWD,1998-02-01 00:00:00+01:00,
38,4560,Wetterdienst,1900-12-01 00:00:00+00:18,1952-11-10 00:00:00+01:00
39,4560,DWD,1952-11-11 00:00:00+01:00,
40,5779,DWD,1971-01-01 00:00:00+01:00,
41,1584,Wetterdienst,1936-12-14 00:00:00+00:00,1952-11-10 00:00:00+01:00
42,1584,DWD,1952-11-11 00:00:00+01:00,2003-12-31 00:00:00+01:00
43,1584,DWD,2008-12-04 00:00:00+01:00,
44,4878,DWD,1891-01-01 00:00:00+00:18,2013-12-12 00:00:00+01:00
45,4878,DWD,2017-04-25 00:00:00+02:00,
46,1357,Wetterdienst,1929-10-01 00:00:00+01:00,1952-11-10 00:00:00+01:00
47,1357,DWD,1952-11-11 00:00:00+01:00,
48,3147,Wetterdienst,1936-02-11 00:00:00+00:00,1952-11-10 00:00:00+01:00
49,3147,DWD,1952-11-11 00:00:00+01:00,2000-03-31 00:00:00+02:00
50,3147,DWD,2012-09-13 00:00:00+02:00,2020-08-05 00:00:00+02:00
51,3147,DWD,2021-03-08 00:00:00+01:00,
52,125,GeophysBdBw,1961-04-12 00:00:00+01:00,2003-03-10 00:00:00+01:00
53,125,GeoInfoDBw,2003-03-11 00:00:00+01:00,
54,1050,Wetterdienst,1899-02-01 00:00:00+00:18,1949-12-31 00:00:00+01:00
55,1050,Meteorologischer Dienst der DDR,1950-01-01 00:00:00+01:00,1990-12-31 00:00:00+01:00
56,1050,DWD,1991-01-01 00:00:00+01:00,1996-01-16 00:00:00+01:00
57,1050,DWD,1999-07-01 00:00:00+02:00,
58,4393,Wetterdienst,1884-11-01 00:00:00+00:18,1952-11-10 00:00:00+01:00
59,4393,DWD,1952-11-11 00:00:00+01:00,
60,3196,Wetterdienst,1864-12-01 00:00:00+00:18,1949-12-31 00:00:00+01:00
61,3196,Meteorologischer Dienst der DDR,1950-01-01 00:00:00+01:00,1990-12-31 00:00:00+01:00
62,3196,DWD,1991-01-01 00:00:00+01:00,
63,13900,DWD,1993-11-01 00:00:00+01:00,
64,4978,Wetterdienst,1891-05-01 00:00:00+00:18,1952-11-10 00:00:00+01:00
65,4978,DWD,1952-11-11 00:00:00+01:00,
66,3513,Wetterdienst,1882-02-01 00:00:00+00:18,1949-12-31 00:00:00+01:00
67,3513,Meteorologischer Dienst der DDR,1950-01-01 00:00:00+01:00,1990-12-31 00:00:00+01:00
68,3513,DWD,1991-01-01 00:00:00+01:00,
69,2796,GeophysBdBw,1980-01-01 00:00:00+01:00,2003-03-10 00:00:00+01:00
70,2796,GeoInfoDBw,2003-03-11 00:00:00+01:00,
71,2211,Wetterdienst,1936-04-01 00:00:00+00:00,1952-11-10 00:00:00+01:00
72,2211,DWD,1952-11-11 00:00:00+01:00,
73,7419,DWD,2006-05-09 00:00:00+02:00,
74,7364,Wetterdienst,1922-05-01 00:00:00+01:00,1949-12-31 00:00:00+01:00
75,7364,Meteorologischer Dienst der DDR,1950-01-01 00:00:00+01:00,1990-12-31 00:00:00+01:00
76,7364,DWD,2005-10-01 00:00:00+02:00,
77,1963,Wetterdienst,1940-10-01 00:00:00+02:00,1944-12-31 00:00:00+01:00
78,1963,DWD,1965-08-01 00:00:00+01:00,
79,1490,Wetterdienst,1826-09-01 00:00:00+00:18,1945-02-28 00:00:00+01:00
80,1490,Wetterdienst,1946-10-01 00:00:00+02:00,1952-11-10 00:00:00+01:00
81,1490,DWD,1952-11-11 00:00:00+01:00,1980-11-30 00:00:00+01:00
82,1490,DWD,1988-09-01 00:00:00+02:00,1999-02-15 00:00:00+01:00
83,1490,DWD,2000-11-14 00:00:00+01:00,
84,3904,Wetterdienst,1892-09-01 00:00:00+00:18,1895-06-30 00:00:00+00:18
85,3904,Wetterdienst,1938-02-05 00:00:00+00:00,1939-08-31 00:00:00+01:00
86,3904,Wetterdienst,1941-01-01 00:00:00+02:00,1944-07-31 00:00:00+02:00
87,3904,DWD,1964-04-22 00:00:00+01:00,1992-09-30 00:00:00+01:00
88,3904,DWD,2004-06-14 00:00:00+02:00,
89,7330,DWD,2005-05-15 00:00:00+02:00,
90,1981,Wetterdienst,1943-03-01 00:00:00+01:00,1952-11-10 00:00:00+01:00
91,1981,DWD,1952-11-11 00:00:00+01:00,
92,4036,Meteorologischer Dienst der DDR,1953-06-01 00:00:00+01:00,1990-12-31 00:00:00+01:00
93,4036,DWD,1991-01-01 00:00:00+01:00,
94,7393,DWD,2006-03-01 00:00:00+01:00,
95,6107,DWD,1999-04-14 00:00:00+02:00,
96,4371,Wetterdienst,1931-01-01 00:00:00+00:00,1952-11-10 00:00:00+01:00
97,4371,DWD,1952-11-11 00:00:00+01:00,
98,1262,DWD,1992-05-17 00:00:00+02:00,
99,3591,DWD,1993-11-01 00:00:00+01:00,
100,3340,Wetterdienst,1897-06-01 00:00:00+00:18,1952-11-10 00:00:00+01:00
101,3340,DWD,1952-11-11 00:00:00+01:00,1965-12-03 00:00:00+01:00
102,3340,DWD,2004-11-03 00:00:00+01:00,
103,5745,Wetterdienst,1932-01-22 00:00:00+00:00,1939-03-31 00:00:00+00:00
104,5745,Wetterdienst,1946-06-15 00:00:00+02:00,1949-12-31 00:00:00+01:00
105,5745,Meteorologischer Dienst der DDR,1950-01-01 00:00:00+01:00,1990-12-31 00:00:00+01:00
106,5745,DWD,1991-01-01 00:00:00+01:00,
107,2578,Wetterdienst,1852-09-01 00:00:00+00:18,1949-12-31 00:00:00+01:00
108,2578,Meteorologischer Dienst der DDR,1950-01-01 00:00:00+01:00,1990-12-31 00:00:00+01:00
109,2578,DWD,1991-01-01 00:00:00+01:00,
110,3181,Wetterdienst,1937-11-06 00:00:00+00:00,1952-11-10 00:00:00+01:00
111,3181,DWD,1952-11-11 00:00:00+01:00,2005-07-31 00:00:00+02:00
112,3181,DWD,2018-10-01 00:00:00+02:00,
113,433,Wetterdienst,1928-01-01 00:00:00+00:00,1952-11-10 00:00:00+01:00
114,433,DWD,1952-11-11 00:00:00+01:00,
115,1766,DWD,1982-01-01 00:00:00+01:00,1989-09-30 00:00:00+01:00
116,1766,DWD,1989-10-01 00:00:00+01:00,
117,6158,DWD,1999-07-01 00:00:00+02:00,
118,4466,Wetterdienst,1946-10-01 00:00:00+02:00,1952-11-10 00:00:00+01:00
119,4466,DWD,1952-11-11 00:00:00+01:00,
120,6109,DWD,1998-10-01 00:00:00+02:00,
121,591,Wetterdienst,1888-06-01 00:00:00+00:18,1949-12-31 00:00:00+01:00
122,591,Meteorologischer Dienst der DDR,1950-01-01 00:00:00+01:00,1990-12-31 00:00:00+01:00
123,591,DWD,1991-01-01 00:00:00+01:00,
124,198,Wetterdienst,1882-08-01 00:00:00+00:18,1949-12-31 00:00:00+01:00
125,198,Meteorologischer Dienst der DDR,1950-01-01 00:00:00+01:00,1990-12-31 00:00:00+01:00
126,198,DWD,1991-01-01 00:00:00+01:00,
127,5109,GeophysBdBw,1970-01-01 00:00:00+01:00,2002-12-31 00:00:00+01:00
128,5109,GeoInfoDBw,2003-01-01 00:00:00+01:00,2013-09-30 00:00:00+02:00
129,5109,DWD,2013-10-01 00:00:00+02:00,
130,3307,Wetterdienst,1887-03-01 00:00:00+00:18,1952-11-10 00:00:00+01:00
131,3307,DWD,1952-11-11 00:00:00+01:00,
132,4039,DWD,1974-12-01 00:00:00+01:00,
133,5146,Wetterdienst,1886-11-01 00:00:00+00:18,1952-11-10 00:00:00+01:00
134,5146,DWD,1952-11-11 00:00:00+01:00,1996-08-31 00:00:00+02:00
135,5146,DWD,2003-03-27 00:00:00+01:00,
136,5280,DWD,1981-03-30 00:00:00+02:00,
137,2437,GeophysBdBw,1958-12-01 00:00:00+01:00,2003-03-10 00:00:00+01:00
138,2437,GeoInfoDBw,2003-03-11 00:00:00+01:00,
139,1605,Wetterdienst,1897-05-01 00:00:00+00:18,1949-12-31 00:00:00+01:00
140,1605,Meteorologischer Dienst der DDR,1950-01-01 00:00:00+01:00,1990-12-31 00:00:00+01:00
141,1605,DWD,1991-01-01 00:00:00+01:00,
142,4625,Wetterdienst,1849-02-01 00:00:00+00:18,1949-12-31 00:00:00+01:00
143,4625,Meteorologischer Dienst der DDR,1950-01-01 00:00:00+01:00,1990-10-02 00:00:00+01:00
144,4625,DWD,1990-10-03 00:00:00+01:00,
145,3034,Wetterdienst,1900-06-01 00:00:00+00:18,1960-03-31 00:00:00+01:00
146,3034,Meteorologischer Dienst der DDR,1961-04-01 00:00:00+01:00,1990-12-31 00:00:00+01:00
147,3034,DWD,1991-01-01 00:00:00+01:00,
148,7369,DWD,2005-11-01 00:00:00+01:00,
149,3667,Wetterdienst,1948-01-01 00:00:00+01:00,1952-11-10 00:00:00+01:00
150,3667,DWD,1952-11-11 00:00:00+01:00,1957-12-31 00:00:00+01:00
151,3667,DWD,1974-09-01 00:00:00+01:00,1999-10-17 00:00:00+02:00
152,3667,DWD,2000-09-01 00:00:00+02:00,
153,5906,Wetterdienst,1758-01-01 00:00:00+00:18,1792-12-31 00:00:00+00:18
154,5906,Wetterdienst,1821-06-01 00:00:00+00:18,1827-06-24 00:00:00+00:18
155,5906,Wetterdienst,1841-01-01 00:00:00+00:18,1943-09-30 00:00:00+02:00
156,5906,Wetterdienst,1946-08-01 00:00:00+02:00,1952-11-10 00:00:00+01:00
157,5906,DWD,1952-11-11 00:00:00+01:00,
158,891,Wetterdienst,1868-04-01 00:00:00+00:18,1952-11-10 00:00:00+01:00
159,891,DWD,1952-11-11 00:00:00+01:00,
160,2708,DWD,1991-08-01 00:00:00+02:00,
161,4947,DWD,1988-08-17 00:00:00+02:00,1999-07-27 00:00:00+02:00
162,4947,DWD,2000-08-28 00:00:00+02:00,
163,3158,Meteorologischer Dienst der DDR,1966-01-01 00:00:00+01:00,1974-12-31 00:00:00+01:00
164,3158,Meteorologischer Dienst der DDR,1985-01-01 00:00:00+01:00,1990-12-31 00:00:00+01:00
165,3158,DWD,1991-01-01 00:00:00+01:00,
166,7431,DWD,2006-09-01 00:00:00+02:00,
167,7343,DWD,2005-06-01 00:00:00+02:00,
168,5480,Wetterdienst,1939-03-01 00:00:00+00:00,1944-12-31 00:00:00+01:00
169,5480,GeophysBdBw,1945-01-01 00:00:00+01:00,1974-12-31 00:00:00+01:00
170,5480,DWD,1975-01-01 00:00:00+01:00,1994-12-31 00:00:00+01:00
171,5480,DWD,2003-09-10 00:00:00+02:00,
172,7298,DWD,2004-11-10 00:00:00+01:00,
173,4745,Wetterdienst,1925-01-01 00:00:00+00:00,1952-11-10 00:00:00+01:00
174,4745,DWD,1952-11-11 00:00:00+01:00,
175,7351,DWD,2005-09-01 00:00:00+02:00,
176,6196,DWD,2000-09-01 00:00:00+02:00,2001-11-30 00:00:00+01:00
177,6196,DWD,2011-04-07 00:00:00+02:00,
178,3426,Wetterdienst,1887-07-01 00:00:00+00:18,1949-12-31 00:00:00+01:00
179,3426,Meteorologischer Dienst der DDR,1950-01-01 00:00:00+01:00,1990-12-31 00:00:00+01:00
180,3426,DWD,1994-12-20 00:00:00+01:00,
181,4548,Wetterdienst,1909-07-16 00:00:00+00:00,1952-11-10 00:00:00+01:00
182,4548,DWD,1952-11-11 00:00:00+01:00,1957-10-31 00:00:00+01:00
183,4548,DWD,1958-02-01 00:00:00+01:00,2005-12-31 00:00:00+01:00
184,4548,DWD,2007-04-24 00:00:00+02:00,
185,2712,Wetterdienst,1937-02-01 00:00:00+00:00,1952-11-10 00:00:00+01:00
186,2712,DWD,1952-11-11 00:00:00+01:00,
187,3660,DWD,1995-03-01 00:00:00+01:00,
188,6102,DWD,1999-03-16 00:00:00+01:00,
189,13901,DWD,1979-01-01 00:00:00+01:00,
190,2856,Wetterdienst,1899-06-01 00:00:00+00:18,1949-12-31 00:00:00+01:00
191,2856,Meteorologischer Dienst der DDR,1950-01-01 00:00:00+01:00,1990-12-31 00:00:00+01:00
192,2856,DWD,1991-01-01 00:00:00+01:00,
193,3631,Wetterdienst,1858-03-01 00:00:00+00:18,1870-01-31 00:00:00+00:18
194,3631,Wetterdienst,1897-09-01 00:00:00+00:18,1952-11-10 00:00:00+01:00
195,3631,DWD,1952-11-11 00:00:00+01:00,
196,2638,DWD,1946-03-01 00:00:00+01:00,
197,1303,Wetterdienst,1897-08-01 00:00:00+00:18,1952-11-10 00:00:00+01:00
198,1303,DWD,1952-11-11 00:00:00+01:00,
199,963,Wetterdienst,1938-04-01 00:00:00+01:00,1952-11-10 00:00:00+01:00
200,963,DWD,1952-11-11 00:00:00+01:00,1993-12-31 00:00:00+01:00
201,963,GeophysBdBw,1994-01-01 00:00:00+01:00,1994-03-31 00:00:00+02:00
202,963,DWD,1994-04-01 00:00:00+02:00,
203,5643,Wetterdienst,1890-01-01 00:00:00+00:18,1949-12-31 00:00:00+01:00
204,5643,Meteorologischer Dienst der DDR,1950-01-01 00:00:00+01:00,1990-12-31 00:00:00+01:00
205,5643,DWD,1991-01-01 00:00:00+01:00,
206,2410,GeophysBdBw,1960-04-25 00:00:00+01:00,2003-03-10 00:00:00+01:00
207,2410,GeoInfoDBw,2003-03-11 00:00:00+01:00,
208,3086,Wetterdienst,1938-08-01 00:00:00+01:00,1945-03-31 00:00:00+01:00
209,3086,DWD,1985-02-15 00:00:00+01:00,
210,7428,DWD,2006-08-01 00:00:00+02:00,
211,817,Wetterdienst,1951-05-01 00:00:00+01:00,1952-11-10 00:00:00+01:00
212,817,DWD,1952-11-11 00:00:00+01:00,
213,3946,Wetterdienst,1863-12-01 00:00:00+00:18,1949-12-31 00:00:00+01:00
214,3946,Meteorologischer Dienst der DDR,1950-01-01 00:00:00+01:00,1990-12-31 00:00:00+01:00
215,3946,DWD,1991-01-01 00:00:00+01:00,
216,4177,Wetterdienst,1923-05-01 00:00:00+01:00,1952-11-10 00:00:00+01:00
217,4177,DWD,1952-11-11 00:00:00+01:00,1985-06-30 00:00:00+02:00
218,4177,DWD,2008-10-28 00:00:00+01:00,
219,3540,DWD,1992-09-01 00:00:00+02:00,
220,2794,Wetterdienst,1883-01-01 00:00:00+00:18,1949-12-31 00:00:00+01:00
221,2794,Meteorologischer Dienst der DDR,1950-01-01 00:00:00+01:00,1990-12-31 00:00:00+01:00
222,2794,DWD,1991-01-01 00:00:00+01:00,
223,15801,DWD,2016-03-01 00:00:00+01:00,
224,3651,DWD,1992-04-02 00:00:00+02:00,
225,3289,Meteorologischer Dienst der DDR,1972-10-01 00:00:00+01:00,1990-12-31 00:00:00+01:00
226,3289,DWD,1991-01-01 00:00:00+01:00,
227,4271,Wetterdienst,1901-01-01 00:00:00+00:18,1949-12-31 00:00:00+01:00
228,4271,Meteorologischer Dienst der DDR,1950-01-01 00:00:00+01:00,1990-12-31 00:00:00+01:00
229,4271,DWD,1991-01-01 00:00:00+01:00,
230,5664,Wetterdienst,1936-05-10 00:00:00+01:00,1952-11-10 00:00:00+01:00
231,5664,DWD,1952-11-11 00:00:00+01:00,
232,1161,Wetterdienst,1921-01-01 00:00:00+00:00,1952-11-10 00:00:00+01:00
233,1161,DWD,1952-11-11 00:00:00+01:00,2000-06-30 00:00:00+02:00
234,1161,DWD,2004-07-07 00:00:00+02:00,
235,7350,DWD,2005-07-26 00:00:00+02:00,
236,19172,DWD,2020-01-16 00:00:00+01:00,
237,3668,Wetterdienst,1878-01-01 00:00:00+00:18,1952-11-10 00:00:00+01:00
238,3668,DWD,1952-11-11 00:00:00+01:00,
239,7410,DWD,2006-03-01 00:00:00+01:00,
240,4931,Wetterdienst,1937-02-15 00:00:00+00:00,1952-11-10 00:00:00+01:00
241,4931,DWD,1952-11-11 00:00:00+01:00,
242,3083,Wetterdienst,1885-02-01 00:00:00+00:18,1949-12-31 00:00:00+01:00
243,3083,Meteorologischer Dienst der DDR,1950-01-01 00:00:00+01:00,1990-12-31 00:00:00+01:00
244,3083,DWD,1991-01-01 00:00:00+01:00,
245,5046,Wetterdienst,1892-09-01 00:00:00+00:18,1898-02-28 00:00:00+00:18
246,5046,Wetterdienst,1909-02-01 00:00:00+00:00,1952-11-10 00:00:00+01:00
247,5046,DWD,1952-11-11 00:00:00+01:00,1983-03-31 00:00:00+02:00
248,5046,DWD,1983-10-01 00:00:00+01:00,2002-10-31 00:00:00+01:00
249,5046,DWD,2007-10-30 00:00:00+01:00,
250,1103,Wetterdienst,1900-01-01 00:00:00+00:18,1952-11-10 00:00:00+01:00
251,1103,DWD,1952-11-11 00:00:00+01:00,1989-09-30 00:00:00+01:00
252,1103,DWD,1990-01-01 00:00:00+01:00,
253,3734,Wetterdienst,1937-11-01 00:00:00+00:00,1952-11-10 00:00:00+01:00
254,3734,DWD,1952-11-11 00:00:00+01:00,
255,2429,GeophysBdBw,1959-06-01 00:00:00+01:00,2002-12-31 00:00:00+01:00
256,2429,GeoInfoDBw,2003-01-01 00:00:00+01:00,2003-06-30 00:00:00+02:00
257,2429,DWD,2003-07-01 00:00:00+02:00,
258,2573,DWD,1987-02-01 00:00:00+01:00,
259,13711,DWD,2007-09-01 00:00:00+02:00,
260,3836,Wetterdienst,1899-10-01 00:00:00+00:18,1917-04-30 00:00:00+02:00
261,3836,Wetterdienst,1951-01-01 00:00:00+01:00,1952-11-10 00:00:00+01:00
262,3836,DWD,1952-11-11 00:00:00+01:00,1998-02-16 00:00:00+01:00
263,3836,DWD,1998-07-01 00:00:00+02:00,2000-07-31 00:00:00+02:00
264,3836,DWD,2000-09-01 00:00:00+02:00,2001-06-30 00:00:00+02:00
265,3836,DWD,2005-11-10 00:00:00+01:00,
266,2878,DWD,1890-09-01 00:00:00+00:18,2007-04-30 00:00:00+02:00
267,2878,DWD,2017-03-08 00:00:00+01:00,
268,294,DWD,1992-02-01 00:00:00+01:00,
269,4651,Wetterdienst,1878-06-01 00:00:00+00:18,1952-11-10 00:00:00+01:00
270,4651,DWD,1952-11-11 00:00:00+01:00,
271,3485,DWD,1991-06-01 00:00:00+02:00,
272,1757,Wetterdienst,1898-01-01 00:00:00+00:18,1949-12-31 00:00:00+01:00
273,1757,Meteorologischer Dienst der DDR,1950-01-01 00:00:00+01:00,1990-12-31 00:00:00+01:00
274,1757,DWD,1991-01-01 00:00:00+01:00,
275,167,Wetterdienst,1890-05-01 00:00:00+00:18,1949-12-31 00:00:00+01:00
276,167,Meteorologischer Dienst der DDR,1950-01-01 00:00:00+01:00,1990-12-31 00:00:00+01:00
277,167,DWD,1991-01-01 00:00:00+01:00,2003-12-31 00:00:00+01:00
278,167,DWD,2004-01-01 00:00:00+01:00,
279,150,Wetterdienst,1900-11-01 00:00:00+00:18,1930-12-31 00:00:00+00:00
280,150,Wetterdienst,1931-07-01 00:00:00+01:00,1944-11-30 00:00:00+01:00
281,150,Wetterdienst,1946-07-01 00:00:00+02:00,1946-12-31 00:00:00+01:00
282,150,Wetterdienst,1950-03-01 00:00:00+01:00,1952-11-10 00:00:00+01:00
283,150,DWD,1952-11-11 00:00:00+01:00,1963-05-31 00:00:00+01:00
284,150,DWD,1963-07-11 00:00:00+01:00,1987-02-28 00:00:00+01:00
285,150,DWD,1987-05-26 00:00:00+02:00,2004-08-31 00:00:00+02:00
286,150,DWD,2005-07-01 00:00:00+02:00,
287,7395,DWD,2006-03-01 00:00:00+01:00,
288,5640,GeophysBdBw,1961-11-20 00:00:00+01:00,2003-03-10 00:00:00+01:00
289,5640,GeoInfoDBw,2003-03-11 00:00:00+01:00,
290,5300,Wetterdienst,1892-08-01 00:00:00+00:18,1952-11-10 00:00:00+01:00
291,5300,DWD,1952-11-11 00:00:00+01:00,1999-12-31 00:00:00+01:00
292,5300,DWD,2003-04-24 00:00:00+02:00,
293,3321,DWD,2005-05-23 00:00:00+02:00,
294,1332,Wetterdienst,1936-06-09 00:00:00+01:00,1952-11-10 00:00:00+01:00
295,1332,DWD,1952-11-11 00:00:00+01:00,
296,3623,GeophysBdBw,1958-03-01 00:00:00+01:00,2003-03-10 00:00:00+01:00
297,3623,GeoInfoDBw,2003-03-11 00:00:00+01:00,
298,4104,Wetterdienst,1718-12-01 00:00:00+00:18,1952-11-10 00:00:00+01:00
299,4104,DWD,1952-11-11 00:00:00+01:00,
300,368,GeophysBdBw,1960-03-03 00:00:00+01:00,2003-03-10 00:00:00+01:00
301,368,GeoInfoDBw,2003-03-11 00:00:00+01:00,
302,6305,DWD,2002-11-01 00:00:00+01:00,
303,662,Wetterdienst,1939-12-01 00:00:00+00:00,1952-11-10 00:00:00+01:00
304,662,DWD,1952-11-11 00:00:00+01:00,
305,4508,Wetterdienst,1886-12-01 00:00:00+00:18,1944-08-31 00:00:00+02:00
306,4508,Wetterdienst,1952-04-01 00:00:00+01:00,1952-11-10 00:00:00+01:00
307,4508,DWD,1952-11-11 00:00:00+01:00,1986-07-31 00:00:00+02:00
308,4508,DWD,1987-01-01 00:00:00+01:00,
309,642,Wetterdienst,1878-01-09 00:00:00+00:18,1952-11-10 00:00:00+01:00
310,642,DWD,1952-11-11 00:00:00+01:00,
311,4709,DWD,1979-04-01 00:00:00+01:00,
312,5797,Wetterdienst,1829-06-01 00:00:00+00:18,1949-12-31 00:00:00+01:00
313,5797,Meteorologischer Dienst der DDR,1950-01-01 00:00:00+01:00,1990-12-31 00:00:00+01:00
314,5797,DWD,1991-01-01 00:00:00+01:00,
315,4559,DWD,1996-05-01 00:00:00+02:00,
316,2750,Wetterdienst,1894-10-01 00:00:00+00:18,1952-11-10 00:00:00+01:00
317,2750,DWD,1952-11-11 00:00:00+01:00,
318,420,DWD,1993-05-01 00:00:00+02:00,2003-12-31 00:00:00+01:00
319,420,DWD,2006-08-23 00:00:00+02:00,
320,7106,DWD,2006-04-01 00:00:00+02:00,
321,6197,DWD,2000-10-11 00:00:00+02:00,
322,3166,Meteorologischer Dienst der DDR,1955-08-01 00:00:00+01:00,1990-12-31 00:00:00+01:00
323,3166,DWD,1991-01-01 00:00:00+01:00,
324,4287,Wetterdienst,1894-10-01 00:00:00+00:18,1952-11-10 00:00:00+01:00
325,4287,DWD,1952-11-11 00:00:00+01:00,
326,4501,Wetterdienst,1887-01-01 00:00:00+00:18,1949-12-31 00:00:00+01:00
327,4501,Meteorologischer Dienst der DDR,1950-01-01 00:00:00+01:00,1990-12-31 00:00:00+01:00
328,4501,DWD,1991-01-01 00:00:00+01:00,
329,3098,DWD,1994-01-01 00:00:00+01:00,
330,3811,Wetterdienst,1889-01-01 00:00:00+00:18,1949-12-31 00:00:00+01:00
331,3811,Meteorologischer Dienst der DDR,1950-01-01 00:00:00+01:00,1990-12-31 00:00:00+01:00
332,3811,DWD,1991-01-01 00:00:00+01:00,
333,7394,DWD,2006-03-01 00:00:00+01:00,
334,2497,Wetterdienst,1897-01-01 00:00:00+00:18,1952-11-10 00:00:00+01:00
335,2497,DWD,1952-11-11 00:00:00+01:00,
336,15911,DWD,2017-04-13 00:00:00+02:00,
337,13932,DWD,1987-05-01 00:00:00+02:00,
338,7099,DWD,2004-03-25 00:00:00+01:00,2022-01-25 00:00:00+01:00
339,3571,Wetterdienst,1951-02-10 00:00:00+01:00,1952-11-10 00:00:00+01:00
340,3571,DWD,1952-11-11 00:00:00+01:00,
341,377,Wetterdienst,1926-11-01 00:00:00+00:00,1939-08-31 00:00:00+01:00
342,377,Wetterdienst,1941-01-01 00:00:00+02:00,1943-12-31 00:00:00+01:00
343,377,Wetterdienst,1947-01-01 00:00:00+01:00,1952-11-10 00:00:00+01:00
344,377,DWD,1952-11-11 00:00:00+01:00,2002-12-31 00:00:00+01:00
345,377,DWD,2003-03-11 00:00:00+01:00,
346,3126,Wetterdienst,1771-06-15 00:00:00+00:18,1949-12-31 00:00:00+01:00
347,3126,Meteorologischer Dienst der DDR,1950-01-01 00:00:00+01:00,1990-12-31 00:00:00+01:00
348,3126,DWD,1991-01-01 00:00:00+01:00,
349,1468,DWD,1948-03-15 00:00:00+01:00,
350,3366,DWD,1899-01-05 00:00:00+00:18,
351,183,DWD,1878-06-01 00:00:00+00:18,
352,3379,DWD,1954-05-28 00:00:00+01:00,
353,6091,Wetterdienst,1896-07-01 00:00:00+00:18,1952-11-10 00:00:00+01:00
354,6091,DWD,1952-11-11 00:00:00+01:00,
355,4896,DWD,1974-11-28 00:00:00+01:00,1997-02-28 00:00:00+01:00
356,4896,DWD,1998-12-01 00:00:00+01:00,
357,6170,DWD,1999-11-01 00:00:00+01:00,
358,7432,DWD,2006-09-01 00:00:00+02:00,
359,5871,DWD,1997-07-01 00:00:00+02:00,
360,4642,Wetterdienst,1882-05-01 00:00:00+00:18,1949-12-31 00:00:00+01:00
361,4642,Meteorologischer Dienst der DDR,1950-01-01 00:00:00+01:00,1990-12-31 00:00:00+01:00
362,4642,DWD,1991-01-01 00:00:00+01:00,
363,4280,Wetterdienst,1940-02-01 00:00:00+00:00,1945-02-28 00:00:00+01:00
364,4280,GeophysBdBw,1962-05-16 00:00:00+01:00,2002-12-31 00:00:00+01:00
365,4280,GeoInfoDBw,2003-01-01 00:00:00+01:00,2013-12-11 00:00:00+01:00
366,4280,DWD,2013-12-12 00:00:00+01:00,
367,3603,GeophysBdBw,1961-08-08 00:00:00+01:00,2003-03-10 00:00:00+01:00
368,3603,GeoInfoDBw,2003-03-11 00:00:00+01:00,
369,2905,GeophysBdBw,1958-07-23 00:00:00+01:00,2003-03-10 00:00:00+01:00
370,2905,GeoInfoDBw,2003-03-11 00:00:00+01:00,
371,6310,Wetterdienst,1910-01-01 00:00:00+00:00,1949-12-31 00:00:00+01:00
372,6310,Meteorologischer Dienst der DDR,1950-01-01 00:00:00+01:00,1990-12-31 00:00:00+01:00
373,6310,DWD,1991-01-01 00:00:00+01:00,
374,6314,Wetterdienst,1891-01-01 00:00:00+00:18,1949-12-31 00:00:00+01:00
375,6314,Meteorologischer Dienst der DDR,1950-01-01 00:00:00+01:00,1983-12-31 00:00:00+01:00
376,6314,DWD,2004-12-07 00:00:00+01:00,
377,13713,DWD,2007-09-10 00:00:00+02:00,
378,4377,Wetterdienst,1922-03-01 00:00:00+00:00,1952-11-10 00:00:00+01:00
379,4377,DWD,1952-11-11 00:00:00+01:00,
380,6163,DWD,1999-09-06 00:00:00+02:00,
381,2928,Wetterdienst,1830-01-01 00:00:00+00:18,1952-11-10 00:00:00+01:00
382,2928,Meteorologischer Dienst der DDR,1952-11-11 00:00:00+01:00,1990-12-31 00:00:00+01:00
383,2928,DWD,1991-01-01 00:00:00+01:00,
384,4300,Wetterdienst,1888-01-01 00:00:00+00:18,1952-11-10 00:00:00+01:00
385,4300,DWD,1952-11-11 00:00:00+01:00,1978-12-05 00:00:00+01:00
386,4300,DWD,1984-08-30 00:00:00+02:00,
387,3268,GeophysBdBw,1974-04-01 00:00:00+01:00,2002-12-31 00:00:00+01:00
388,3268,GeoInfoDBw,2003-01-01 00:00:00+01:00,2013-09-30 00:00:00+02:00
389,3268,DWD,2013-10-01 00:00:00+02:00,
390,5371,Wetterdienst,1923-08-01 00:00:00+01:00,1952-11-10 00:00:00+01:00
391,5371,DWD,1952-11-11 00:00:00+01:00,
392,704,DWD,1978-12-08 00:00:00+01:00,
393,7329,DWD,2005-05-20 00:00:00+02:00,
394,1270,Wetterdienst,1946-04-01 00:00:00+01:00,1949-12-31 00:00:00+01:00
395,1270,Meteorologischer Dienst der DDR,1950-01-01 00:00:00+01:00,1990-12-31 00:00:00+01:00
396,1270,DWD,1991-01-01 00:00:00+01:00,
397,4063,Wetterdienst,1890-08-01 00:00:00+00:18,1952-11-10 00:00:00+01:00
398,4063,DWD,1952-11-11 00:00:00+01:00,
399,5229,Wetterdienst,1868-12-01 00:00:00+00:18,1952-11-10 00:00:00+01:00
400,5229,DWD,1952-11-11 00:00:00+01:00,
401,1339,GeophysBdBw,1958-11-01 00:00:00+01:00,2003-03-10 00:00:00+01:00
402,1339,GeoInfoDBw,2003-03-11 00:00:00+01:00,
403,5856,DWD,1997-01-03 00:00:00+01:00,
404,90,DWD,1988-02-19 00:00:00+01:00,
405,5715,GeophysBdBw,1891-01-01 00:00:00+00:18,2003-03-10 00:00:00+01:00
406,5715,GeoInfoDBw,2003-03-11 00:00:00+01:00,
407,4354,DWD,1985-09-01 00:00:00+02:00,
408,5158,DWD,1987-12-01 00:00:00+01:00,
409,701,Wetterdienst,1913-01-01 00:00:00+00:00,1952-11-10 00:00:00+01:00
410,701,DWD,1952-11-11 00:00:00+01:00,
411,15976,DWD,2018-04-04 00:00:00+02:00,
412,1602,Wetterdienst,1887-12-01 00:00:00+00:18,1952-11-10 00:00:00+01:00
413,1602,DWD,1952-11-11 00:00:00+01:00,2000-12-31 00:00:00+01:00
414,1602,DWD,2003-02-26 00:00:00+01:00,
415,5424,Wetterdienst,1947-01-01 00:00:00+01:00,1949-12-31 00:00:00+01:00
416,5424,Meteorologischer Dienst der DDR,1950-01-01 00:00:00+01:00,1990-12-31 00:00:00+01:00
417,5424,DWD,1991-01-01 00:00:00+01:00,
418,7319,DWD,2004-07-13 00:00:00+02:00,2017-08-03 00:00:00+02:00
419,7319,DWD,2018-10-16 00:00:00+02:00,
420,78,Wetterdienst,1949-04-15 00:00:00+01:00,1952-11-10 00:00:00+01:00
421,78,DWD,1952-11-11 00:00:00+01:00,
422,7416,DWD,2008-07-25 00:00:00+02:00,
423,1666,GeophysBdBw,1971-01-01 00:00:00+01:00,2003-03-10 00:00:00+01:00
424,1666,GeoInfoDBw,2003-03-11 00:00:00+01:00,
425,2618,Meteorologischer Dienst der DDR,1958-01-01 00:00:00+01:00,1990-12-31 00:00:00+01:00
426,2618,DWD,1991-01-01 00:00:00+01:00,
427,5731,DWD,1954-08-24 00:00:00+01:00,
428,2597,Wetterdienst,1879-01-01 00:00:00+00:18,1952-11-10 00:00:00+01:00
429,2597,DWD,1952-11-11 00:00:00+01:00,
430,4261,Wetterdienst,1879-01-01 00:00:00+00:18,1907-06-30 00:00:00+00:00
431,4261,Wetterdienst,1949-08-23 00:00:00+01:00,1952-11-10 00:00:00+01:00
432,4261,DWD,1952-11-11 00:00:00+01:00,1987-08-31 00:00:00+02:00
433,4261,DWD,1987-09-17 00:00:00+02:00,
434,2968,Wetterdienst,1902-01-01 00:00:00+00:00,1952-11-10 00:00:00+01:00
435,2968,DWD,1952-11-11 00:00:00+01:00,2008-02-29 00:00:00+01:00
436,2968,DWD,2008-07-24 00:00:00+02:00,
437,2110,Wetterdienst,1892-06-01 00:00:00+00:18,1895-03-31 00:00:00+00:18
438,2110,Wetterdienst,1937-01-07 00:00:00+00:00,1952-11-10 00:00:00+01:00
439,2110,DWD,1952-11-11 00:00:00+01:00,
440,760,Wetterdienst,1951-01-01 00:00:00+01:00,1952-11-10 00:00:00+01:00
441,760,DWD,1952-11-11 00:00:00+01:00,2004-05-31 00:00:00+02:00
442,760,DWD,2015-07-01 00:00:00+02:00,
443,5319,DWD,1981-07-01 00:00:00+02:00,
444,3679,Wetterdienst,1899-01-05 00:00:00+00:18,1952-11-10 00:00:00+01:00
445,3679,DWD,1952-11-11 00:00:00+01:00,1971-12-31 00:00:00+01:00
446,3679,DWD,1972-04-27 00:00:00+01:00,1988-06-30 00:00:00+02:00
447,3679,DWD,1988-08-01 00:00:00+02:00,1998-06-30 00:00:00+02:00
448,3679,DWD,1998-09-01 00:00:00+02:00,2002-03-31 00:00:00+01:00
449,3679,DWD,2006-07-20 00:00:00+02:00,
450,5851,DWD,1997-03-12 00:00:00+01:00,
451,314,Wetterdienst,1863-12-01 00:00:00+00:18,1949-12-31 00:00:00+01:00
452,314,Meteorologischer Dienst der DDR,1950-01-01 00:00:00+01:00,1953-05-28 00:00:00+01:00
453,314,Meteorologischer Dienst der DDR,1955-03-01 00:00:00+01:00,1990-12-31 00:00:00+01:00
454,314,DWD,1991-01-01 00:00:00+01:00,
455,2483,Wetterdienst,1918-12-01 00:00:00+00:00,1952-11-10 00:00:00+01:00
456,2483,DWD,1952-11-11 00:00:00+01:00,
457,4127,Gemeinde,1991-10-01 00:00:00+01:00,2002-06-30 00:00:00+02:00
458,4127,DWD,2003-07-09 00:00:00+02:00,
459,691,Wetterdienst,1796-01-01 00:00:00+00:18,1952-11-10 00:00:00+01:00
460,691,DWD,1952-11-11 00:00:00+01:00,
461,222,Wetterdienst,1875-12-01 00:00:00+00:18,1949-12-31 00:00:00+01:00
462,222,Meteorologischer Dienst der DDR,1950-01-01 00:00:00+01:00,1972-06-30 00:00:00+01:00
463,222,Meteorologischer Dienst der DDR,1975-08-01 00:00:00+01:00,1990-12-31 00:00:00+01:00
464,222,DWD,1991-01-01 00:00:00+01:00,
465,3137,Wetterdienst,1863-01-01 00:00:00+00:18,1952-11-10 00:00:00+01:00
466,3137,DWD,1952-11-11 00:00:00+01:00,
467,15978,DWD,2018-04-20 00:00:00+02:00,
468,1550,DWD,1887-01-01 00:00:00+00:18,
469,1072,Wetterdienst,1863-01-01 00:00:00+00:18,1952-11-10 00:00:00+01:00
470,1072,DWD,1952-11-11 00:00:00+01:00,
471,4464,Meteorologischer Dienst der DDR,1951-04-01 00:00:00+01:00,1990-12-31 00:00:00+01:00
472,4464,DWD,1991-01-01 00:00:00+01:00,
473,2261,Wetterdienst,1945-10-01 00:00:00+01:00,1952-11-10 00:00:00+01:00
474,2261,DWD,1952-11-11 00:00:00+01:00,
475,1451,DWD,1970-11-01 00:00:00+01:00,
476,3167,DWD,1892-08-01 00:00:00+00:18,
477,2362,DWD,1982-10-01 00:00:00+01:00,1995-02-28 00:00:00+01:00
478,2362,DWD,2003-05-22 00:00:00+02:00,
479,15555,DWD,2016-04-05 00:00:00+02:00,
480,617,Wetterdienst,1891-10-01 00:00:00+00:18,1952-11-10 00:00:00+01:00
481,617,DWD,1952-11-11 00:00:00+01:00,
482,2444,DWD,1813-10-11 00:00:00+00:18,
483,3761,Wetterdienst,1837-01-01 00:00:00+00:18,1952-11-10 00:00:00+01:00
484,3761,DWD,1952-11-11 00:00:00+01:00,
485,880,Wetterdienst,1887-01-01 00:00:00+00:18,1949-12-31 00:00:00+01:00
486,880,Meteorologischer Dienst der DDR,1950-01-01 00:00:00+01:00,1990-12-31 00:00:00+01:00
487,880,DWD,1991-01-01 00:00:00+01:00,
488,15214,DWD,2013-08-13 00:00:00+02:00,
489,766,GeophysBdBw,1958-12-01 00:00:00+01:00,2003-03-10 00:00:00+01:00
490,766,GeoInfoDBw,2003-03-11 00:00:00+01:00,
491,2600,Wetterdienst,1897-02-01 00:00:00+00:18,1952-11-10 00:00:00+01:00
492,2600,DWD,1952-11-11 00:00:00+01:00,1998-02-28 00:00:00+01:00
493,2600,DWD,1998-07-01 00:00:00+02:00,
494,6265,DWD,2002-09-01 00:00:00+02:00,
495,1503,Wetterdienst,1927-01-01 00:00:00+00:00,1952-11-10 00:00:00+01:00
496,1503,DWD,1952-11-11 00:00:00+01:00,2006-12-31 00:00:00+01:00
497,1503,DWD,2012-03-13 00:00:00+01:00,
498,13965,Gemeinde,2008-10-17 00:00:00+02:00,
499,4887,Wetterdienst,1945-10-01 00:00:00+01:00,1952-11-10 00:00:00+01:00
500,4887,DWD,1952-11-11 00:00:00+01:00,
501,7403,DWD,2006-03-01 00:00:00+01:00,
502,15520,DWD,2015-07-23 00:00:00+02:00,
503,4349,Wetterdienst,1944-07-01 00:00:00+02:00,1952-11-10 00:00:00+01:00
504,4349,DWD,1952-11-11 00:00:00+01:00,
505,4160,Wetterdienst,1936-01-01 00:00:00+00:00,1952-11-10 00:00:00+01:00
506,4160,DWD,1952-11-11 00:00:00+01:00,
507,1443,Wetterdienst,1868-01-01 00:00:00+00:18,1949-04-30 00:00:00+01:00
508,1443,DWD,1949-05-01 00:00:00+01:00,
509,3905,DWD,1990-08-29 00:00:00+02:00,
510,755,Wetterdienst,1868-12-01 00:00:00+00:18,1952-11-10 00:00:00+01:00
511,755,DWD,1952-11-11 00:00:00+01:00,
512,15122,DWD,2012-01-05 00:00:00+01:00,
513,1379,Wetterdienst,1865-09-01 00:00:00+00:18,1952-11-10 00:00:00+01:00
514,1379,DWD,1952-11-11 00:00:00+01:00,
515,3204,Meteorologischer Dienst der DDR,1982-11-01 00:00:00+01:00,1990-12-31 00:00:00+01:00
516,3204,DWD,1991-01-01 00:00:00+01:00,
517,7392,DWD,2006-03-08 00:00:00+01:00,
518,5877,DWD,1997-03-10 00:00:00+01:00,
519,2704,Wetterdienst,1899-05-01 00:00:00+00:18,1949-12-31 00:00:00+01:00
520,2704,Meteorologischer Dienst der DDR,1950-01-01 00:00:00+01:00,1990-12-31 00:00:00+01:00
521,2704,DWD,1991-01-01 00:00:00+01:00,
522,445,Wetterdienst,1863-03-01 00:00:00+00:18,1949-12-31 00:00:00+01:00
523,445,Meteorologischer Dienst der DDR,1949-12-31 00:00:00+01:00,1990-12-31 00:00:00+01:00
524,445,DWD,1991-01-01 00:00:00+01:00,
525,131,Wetterdienst,1883-03-01 00:00:00+00:18,1949-12-31 00:00:00+01:00
526,131,Meteorologischer Dienst der DDR,1950-01-01 00:00:00+01:00,1990-12-31 00:00:00+01:00
527,131,DWD,1991-01-01 00:00:00+01:00,
528,3534,DWD,1981-03-01 00:00:00+01:00,
529,15444,DWD,2014-05-15 00:00:00+02:00,
530,5538,Wetterdienst,1920-01-01 00:00:00+00:00,1945-09-30 00:00:00+01:00
531,5538,DWD,1999-02-01 00:00:00+01:00,
532,3730,DWD,1910-01-01 00:00:00+00:00,
533,2951,Wetterdienst,1890-01-01 00:00:00+00:18,1949-12-31 00:00:00+01:00
534,2951,Meteorologischer Dienst der DDR,1950-01-01 00:00:00+01:00,1990-12-31 00:00:00+01:00
535,2951,DWD,1991-01-01 00:00:00+01:00,
536,73,Wetterdienst,1908-08-18 00:00:00+00:00,1952-11-10 00:00:00+01:00
537,73,DWD,1952-11-11 00:00:00+01:00,1979-04-30 00:00:00+02:00
538,73,DWD,1979-08-28 00:00:00+02:00,
539,15190,DWD,2013-01-10 00:00:00+01:00,
540,1001,Wetterdienst,1889-12-15 00:00:00+00:18,1949-12-31 00:00:00+01:00
541,1001,Meteorologischer Dienst der DDR,1950-01-01 00:00:00+01:00,1990-12-31 00:00:00+01:00
542,1001,DWD,1991-01-01 00:00:00+01:00,
543,142,DWD,1955-01-01 00:00:00+01:00,
544,1863,Wetterdienst,1888-12-01 00:00:00+00:18,1952-11-10 00:00:00+01:00
545,1863,DWD,1952-11-11 00:00:00+01:00,2003-09-30 00:00:00+02:00
546,1863,DWD,2007-06-14 00:00:00+02:00,
547,6129,DWD,1999-05-01 00:00:00+02:00,
548,555,Wetterdienst,1888-01-01 00:00:00+00:18,1952-11-10 00:00:00+01:00
549,555,DWD,1952-11-11 00:00:00+01:00,1970-12-31 00:00:00+01:00
550,555,DWD,1979-01-01 00:00:00+01:00,1994-04-30 00:00:00+02:00
551,555,DWD,2007-03-19 00:00:00+01:00,
552,840,DWD,1989-11-01 00:00:00+01:00,
553,197,DWD,1990-07-11 00:00:00+02:00,
554,15120,DWD,2011-12-01 00:00:00+01:00,
555,1721,DWD,1990-08-01 00:00:00+02:00,
556,2385,GeophysBdBw,1961-09-04 00:00:00+01:00,2003-03-10 00:00:00+01:00
557,2385,GeoInfoDBw,2003-03-11 00:00:00+01:00,
558,5142,Wetterdienst,1890-06-01 00:00:00+00:18,1949-12-31 00:00:00+01:00
559,5142,Meteorologischer Dienst der DDR,1950-01-01 00:00:00+01:00,1990-12-31 00:00:00+01:00
560,5142,DWD,1991-01-01 00:00:00+01:00,
561,2953,Wetterdienst,1936-08-01 00:00:00+01:00,1951-11-10 00:00:00+01:00
562,2953,DWD,1951-11-11 00:00:00+01:00,1954-04-30 00:00:00+01:00
563,2953,Gemeinde,1954-05-01 00:00:00+01:00,2004-08-31 00:00:00+02:00
564,2953,DWD,2007-02-06 00:00:00+01:00,
565,2814,Wetterdienst,1936-12-01 00:00:00+00:00,1952-11-10 00:00:00+01:00
566,2814,DWD,1952-11-11 00:00:00+01:00,
567,5327,DWD,1981-07-14 00:00:00+02:00,
568,1691,Wetterdienst,1783-01-01 00:00:00+00:18,1952-11-10 00:00:00+01:00
569,1691,DWD,1952-11-11 00:00:00+01:00,
570,2667,DWD,1892-06-01 00:00:00+00:18,
571,5279,Wetterdienst,1891-12-01 00:00:00+00:18,1913-11-30 00:00:00+00:00
572,5279,Wetterdienst,1914-03-01 00:00:00+00:00,1944-12-31 00:00:00+01:00
573,5279,Wetterdienst,1948-06-21 00:00:00+01:00,1952-11-10 00:00:00+01:00
574,5279,DWD,1952-11-11 00:00:00+01:00,1971-11-30 00:00:00+01:00
575,5279,DWD,1972-01-01 00:00:00+01:00,
576,1358,Wetterdienst,1890-08-01 00:00:00+00:18,1949-12-31 00:00:00+01:00
577,1358,Meteorologischer Dienst der DDR,1950-01-01 00:00:00+01:00,1990-12-31 00:00:00+01:00
578,1358,DWD,1991-01-01 00:00:00+01:00,
579,1279,Wetterdienst,1876-01-01 00:00:00+00:18,1908-12-31 00:00:00+00:00
580,1279,Wetterdienst,1910-01-01 00:00:00+00:00,1952-11-10 00:00:00+01:00
581,1279,DWD,1952-11-11 00:00:00+01:00,
582,5541,DWD,1987-06-01 00:00:00+02:00,
583,1207,Wetterdienst,1859-12-01 00:00:00+00:18,1949-12-31 00:00:00+01:00
584,1207,Meteorologischer Dienst der DDR,1950-01-01 00:00:00+01:00,1990-12-31 00:00:00+01:00
585,1207,DWD,1991-01-01 00:00:00+01:00,
586,3271,Wetterdienst,1879-01-01 00:00:00+00:18,1952-11-10 00:00:00+01:00
587,3271,DWD,1952-11-11 00:00:00+01:00,
588,5490,Wetterdienst,1858-11-01 00:00:00+00:18,1949-12-31 00:00:00+01:00
589,5490,Meteorologischer Dienst der DDR,1950-01-01 00:00:00+01:00,1990-12-31 00:00:00+01:00
590,5490,DWD,1991-01-01 00:00:00+01:00,
591,3032,Wetterdienst,1891-09-01 00:00:00+00:18,1952-11-10 00:00:00+01:00
592,3032,DWD,1952-11-11 00:00:00+01:00,
593,1526,Wetterdienst,1866-12-01 00:00:00+00:18,1919-07-31 00:00:00+01:00
594,1526,Wetterdienst,1920-03-09 00:00:00+01:00,1920-09-30 00:00:00+01:00
595,1526,Wetterdienst,1921-01-01 00:00:00+00:00,1940-12-14 00:00:00+02:00
596,1526,Wetterdienst,1941-07-01 00:00:00+02:00,1944-12-31 00:00:00+01:00
597,1526,Wetterdienst,1946-02-01 00:00:00+01:00,1952-11-10 00:00:00+01:00
598,1526,DWD,1952-11-11 00:00:00+01:00,1962-06-30 00:00:00+01:00
599,1526,DWD,1962-10-18 00:00:00+01:00,2011-04-26 00:00:00+02:00
600,1526,DWD,2016-06-08 00:00:00+02:00,
601,769,GeophysBdBw,1958-09-22 00:00:00+01:00,2003-03-10 00:00:00+01:00
602,769,GeoInfoDBw,2003-03-11 00:00:00+01:00,
603,5097,Wetterdienst,1890-06-01 00:00:00+00:18,1949-12-31 00:00:00+01:00
604,5097,Meteorologischer Dienst der DDR,1950-01-01 00:00:00+01:00,1990-12-31 00:00:00+01:00
605,5097,DWD,1991-01-01 00:00:00+01:00,
606,10510,DWD,1951-01-01 00:00:00+01:00,1993-12-31 00:00:00+01:00
607,10510,DWD,2008-09-11 00:00:00+02:00,
608,656,Wetterdienst,1878-06-01 00:00:00+00:18,1952-11-10 00:00:00+01:00
609,656,DWD,1952-11-11 00:00:00+01:00,
610,7373,DWD,2005-11-23 00:00:00+01:00,
611,257,Wetterdienst,1868-11-22 00:00:00+00:18,1944-09-30 00:00:00+01:00
612,257,Wetterdienst,1947-02-01 00:00:00+01:00,1952-11-10 00:00:00+01:00
613,257,DWD,1952-11-11 00:00:00+01:00,1983-12-19 00:00:00+01:00
614,257,DWD,1984-02-01 00:00:00+01:00,
615,400,Wetterdienst,1889-01-01 00:00:00+00:18,1949-12-31 00:00:00+01:00
616,400,Meteorologischer Dienst der DDR,1950-01-01 00:00:00+01:00,1990-12-31 00:00:00+01:00
617,400,DWD,1991-01-01 00:00:00+01:00,
618,2907,Wetterdienst,1940-01-01 00:00:00+00:00,1946-05-31 00:00:00+02:00
619,2907,GeophysBdBw,1974-11-01 00:00:00+01:00,1994-03-31 00:00:00+02:00
620,2907,DWD,1994-04-01 00:00:00+02:00,
621,1544,Wetterdienst,1871-01-01 00:00:00+00:18,1949-12-31 00:00:00+01:00
622,1544,Meteorologischer Dienst der DDR,1950-01-01 00:00:00+01:00,1990-12-31 00:00:00+01:00
623,1544,DWD,1991-01-01 00:00:00+01:00,
624,5111,Wetterdienst,1917-09-21 00:00:00+01:00,1952-11-10 00:00:00+01:00
625,5111,DWD,1952-11-11 00:00:00+01:00,
626,1052,Meteorologischer Dienst der DDR,1990-04-01 00:00:00+02:00,1990-12-31 00:00:00+01:00
627,1052,DWD,1991-01-01 00:00:00+01:00,
628,3231,Meteorologischer Dienst der DDR,1965-05-15 00:00:00+01:00,1990-12-31 00:00:00+01:00
629,3231,DWD,1991-01-01 00:00:00+01:00,
630,161,DWD,1897-01-01 00:00:00+00:18,2007-12-31 00:00:00+01:00
631,161,DWD,2011-07-12 00:00:00+02:00,
632,13696,DWD,2007-07-18 00:00:00+02:00,
633,6272,DWD,2001-03-27 00:00:00+02:00,
634,535,Wetterdienst,1901-07-01 00:00:00+00:18,1944-10-31 00:00:00+01:00
635,535,Wetterdienst,1946-08-01 00:00:00+02:00,1952-11-10 00:00:00+01:00
636,535,DWD,1952-11-11 00:00:00+01:00,
637,5717,Wetterdienst,1895-11-01 00:00:00+00:18,1952-11-10 00:00:00+01:00
638,5717,DWD,1952-11-11 00:00:00+01:00,
639,596,Wetterdienst,1888-01-01 00:00:00+00:18,1949-12-31 00:00:00+01:00
640,596,Meteorologischer Dienst der DDR,1950-01-01 00:00:00+01:00,1990-12-31 00:00:00+01:00
641,596,DWD,1991-01-01 00:00:00+01:00,
642,4032,DWD,1881-08-01 00:00:00+00:18,1999-12-31 00:00:00+01:00
643,4032,DWD,2006-05-16 00:00:00+02:00,
644,1612,Wetterdienst,1900-06-14 00:00:00+00:18,1949-12-31 00:00:00+01:00
645,1612,Meteorologischer Dienst der DDR,1950-01-01 00:00:00+01:00,1990-12-31 00:00:00+01:00
646,1612,DWD,1991-01-01 00:00:00+01:00,
647,390,DWD,1986-11-26 00:00:00+01:00,
648,2932,Wetterdienst,1897-06-01 00:00:00+00:18,1952-11-10 00:00:00+01:00
649,2932,Meteorologischer Dienst der DDR,1952-11-11 00:00:00+01:00,1990-12-31 00:00:00+01:00
650,2932,DWD,1991-01-01 00:00:00+01:00,
651,6105,DWD,1998-05-12 00:00:00+02:00,
652,2629,Wetterdienst,1848-01-01 00:00:00+00:18,1952-11-10 00:00:00+01:00
653,2629,DWD,1952-11-11 00:00:00+01:00,
654,320,Wetterdienst,1814-01-01 00:00:00+00:18,1952-11-10 00:00:00+01:00
655,320,DWD,1952-11-11 00:00:00+01:00,
656,13675,DWD,2007-03-01 00:00:00+01:00,
657,3244,Wetterdienst,1879-01-01 00:00:00+00:18,1952-11-10 00:00:00+01:00
658,3244,DWD,1952-11-11 00:00:00+01:00,
659,3042,DWD,1993-07-01 00:00:00+02:00,
660,191,Wetterdienst,1884-01-01 00:00:00+00:18,1897-12-31 00:00:00+00:18
661,191,Wetterdienst,1947-05-23 00:00:00+01:00,1948-05-31 00:00:00+01:00
662,191,DWD,1986-04-01 00:00:00+02:00,
663,7420,DWD,2006-05-01 00:00:00+02:00,
664,5792,DWD,1900-07-19 00:00:00+00:18,
665,2323,Wetterdienst,1934-04-01 00:00:00+00:00,1952-11-10 00:00:00+01:00
666,2323,DWD,1952-11-11 00:00:00+01:00,1991-07-31 00:00:00+02:00
667,2323,DWD,2006-04-05 00:00:00+02:00,
668,5825,Wetterdienst,1914-04-01 00:00:00+00:00,1945-01-31 00:00:00+01:00
669,5825,Meteorologischer Dienst der DDR,1952-03-01 00:00:00+01:00,1990-12-31 00:00:00+01:00
670,5825,DWD,1991-01-01 00:00:00+01:00,
671,4857,DWD,1990-11-01 00:00:00+01:00,
672,1011,DWD,1990-10-11 00:00:00+01:00,
673,5822,Luftschutz-Warnamt,1975-10-01 00:00:00+01:00,1998-07-31 00:00:00+02:00
674,5822,DWD,1998-08-01 00:00:00+02:00,2000-09-30 00:00:00+02:00
675,5822,DWD,2003-05-22 00:00:00+02:00,
676,4301,Wetterdienst,1851-01-01 00:00:00+00:18,1870-06-14 00:00:00+00:18
677,4301,Wetterdienst,1888-07-01 00:00:00+00:18,1944-12-31 00:00:00+01:00
678,4301,Wetterdienst,1946-04-01 00:00:00+01:00,1952-11-10 00:00:00+01:00
679,4301,DWD,1952-11-11 00:00:00+01:00,1980-06-30 00:00:00+02:00
680,4301,DWD,1980-07-15 00:00:00+02:00,1995-03-31 00:00:00+02:00
681,4301,DWD,1995-11-01 00:00:00+01:00,
682,427,Wetterdienst,1946-12-01 00:00:00+01:00,1952-11-10 00:00:00+01:00
683,427,Meteorologischer Dienst der DDR,1952-11-11 00:00:00+01:00,1990-12-31 00:00:00+01:00
684,427,DWD,1991-01-01 00:00:00+01:00,
685,7367,Wetterdienst,1891-06-25 00:00:00+00:18,1952-11-10 00:00:00+01:00
686,7367,DWD,1952-11-11 00:00:00+01:00,
687,4094,Wetterdienst,1892-09-01 00:00:00+00:18,1952-11-10 00:00:00+01:00
688,4094,DWD,1952-11-11 00:00:00+01:00,1986-09-30 00:00:00+01:00
689,4094,DWD,1990-08-01 00:00:00+02:00,
690,1869,Meteorologischer Dienst der DDR,1967-05-01 00:00:00+01:00,1990-12-31 00:00:00+01:00
691,1869,DWD,1991-01-01 00:00:00+01:00,
692,3490,Wetterdienst,1902-10-01 00:00:00+00:00,1944-07-31 00:00:00+02:00
693,3490,Wetterdienst,1947-01-01 00:00:00+01:00,1952-11-10 00:00:00+01:00
694,3490,DWD,1952-11-11 00:00:00+01:00,
695,15207,DWD,2013-06-19 00:00:00+02:00,
696,3875,Wetterdienst,1949-10-29 00:00:00+01:00,1952-11-10 00:00:00+01:00
697,3875,DWD,1952-11-11 00:00:00+01:00,
698,7391,DWD,2006-03-06 00:00:00+01:00,
699,2174,Wetterdienst,1887-06-01 00:00:00+00:18,1952-11-10 00:00:00+01:00
700,2174,DWD,1952-11-11 00:00:00+01:00,1999-07-31 00:00:00+02:00
701,2174,DWD,2010-09-21 00:00:00+02:00,
702,1803,Wetterdienst,1949-06-01 00:00:00+01:00,1949-12-31 00:00:00+01:00
703,1803,Meteorologischer Dienst der DDR,1950-01-01 00:00:00+01:00,1990-12-31 00:00:00+01:00
704,1803,DWD,1991-01-01 00:00:00+01:00,
705,151,Wetterdienst,1888-10-01 00:00:00+00:18,1903-11-30 00:00:00+00:00
706,151,Wetterdienst,1909-12-19 00:00:00+00:00,1944-12-31 00:00:00+01:00
707,151,Wetterdienst,1946-04-01 00:00:00+01:00,1952-11-10 00:00:00+01:00
708,151,DWD,1952-11-11 00:00:00+01:00,
709,6275,DWD,2002-05-01 00:00:00+02:00,
710,5029,DWD,1975-05-15 00:00:00+01:00,
711,2074,Wetterdienst,1864-01-01 00:00:00+00:18,1952-11-10 00:00:00+01:00
712,2074,DWD,1952-11-11 00:00:00+01:00,
713,4813,Wetterdienst,1915-10-21 00:00:00+01:00,1952-11-10 00:00:00+01:00
714,4813,DWD,1952-11-11 00:00:00+01:00,1993-10-31 00:00:00+01:00
715,4813,DWD,2019-08-01 00:00:00+02:00,
716,853,Wetterdienst,1863-12-01 00:00:00+00:18,1949-12-31 00:00:00+01:00
717,853,Meteorologischer Dienst der DDR,1950-01-01 00:00:00+01:00,1990-12-31 00:00:00+01:00
718,853,DWD,1991-01-01 00:00:00+01:00,
719,13670,DWD,2007-02-01 00:00:00+01:00,
720,7187,DWD,2004-08-04 00:00:00+02:00,
721,2303,GeophysBdBw,1959-04-06 00:00:00+01:00,2003-03-10 00:00:00+01:00
722,2303,GeoInfoDBw,2003-03-11 00:00:00+01:00,
723,3287,DWD,1987-10-01 00:00:00+01:00,
724,2575,Wetterdienst,1936-11-11 00:00:00+00:00,1952-11-10 00:00:00+01:00
725,2575,DWD,1952-11-11 00:00:00+01:00,
726,4703,Wetterdienst,1888-01-01 00:00:00+00:18,1952-11-10 00:00:00+01:00
727,4703,DWD,1952-11-11 00:00:00+01:00,1976-11-15 00:00:00+01:00
728,4703,DWD,1978-01-01 00:00:00+01:00,
729,2306,DWD,1977-11-01 00:00:00+01:00,
730,1886,Wetterdienst,1921-09-01 00:00:00+01:00,1952-11-10 00:00:00+01:00
731,1886,DWD,1952-11-11 00:00:00+01:00,
732,15200,DWD,2013-05-03 00:00:00+02:00,
733,5149,Wetterdienst,1894-10-01 00:00:00+00:18,1952-11-10 00:00:00+01:00
734,5149,DWD,1952-11-11 00:00:00+01:00,1991-10-31 00:00:00+01:00
735,5149,DWD,2003-06-12 00:00:00+02:00,2022-10-05 00:00:00+02:00
736,5149,DWD,2022-12-14 00:00:00+01:00,
737,5009,Wetterdienst,1890-01-01 00:00:00+00:18,1949-12-31 00:00:00+01:00
738,5009,Meteorologischer Dienst der DDR,1950-01-01 00:00:00+01:00,1990-12-31 00:00:00+01:00
739,5009,DWD,1991-01-01 00:00:00+01:00,
740,1246,Wetterdienst,1933-09-01 00:00:00+01:00,1952-11-10 00:00:00+01:00
741,1246,DWD,1952-11-11 00:00:00+01:00,2009-12-31 00:00:00+01:00
742,1246,DWD,2015-06-18 00:00:00+02:00,
743,2641,DWD,1994-09-26 00:00:00+01:00,
744,6108,DWD,2001-06-27 00:00:00+02:00,
745,7412,DWD,2006-03-01 00:00:00+01:00,
746,3925,DWD,1989-04-06 00:00:00+02:00,
747,15547,DWD,2016-02-01 00:00:00+01:00,
748,13676,DWD,2007-03-20 00:00:00+01:00,
749,7424,DWD,2006-06-28 00:00:00+02:00,
750,1200,DWD,1986-11-01 00:00:00+01:00,
751,5100,DWD,1937-12-01 00:00:00+00:00,
752,3226,DWD,1903-10-01 00:00:00+00:00,2002-12-31 00:00:00+01:00
753,3226,DWD,2006-05-11 00:00:00+02:00,
754,13700,DWD,2007-08-01 00:00:00+02:00,
755,7105,DWD,2004-09-02 00:00:00+02:00,
756,5412,DWD,1991-05-16 00:00:00+02:00,
757,5705,DWD,1946-12-01 00:00:00+01:00,
758,3639,GeophysBdBw,1940-01-01 00:00:00+00:00,2003-03-10 00:00:00+01:00
759,3639,GeoInfoDBw,2003-03-11 00:00:00+01:00,
760,5349,Wetterdienst,1889-07-01 00:00:00+00:18,1949-12-31 00:00:00+01:00
761,5349,Meteorologischer Dienst der DDR,1950-01-01 00:00:00+01:00,1990-12-31 00:00:00+01:00
762,5349,DWD,1991-01-01 00:00:00+01:00,
763,91,Wetterdienst,1900-11-01 00:00:00+00:18,1944-12-31 00:00:00+01:00
764,91,Wetterdienst,1946-02-01 00:00:00+01:00,1950-12-31 00:00:00+01:00
765,91,DWD,1978-11-01 00:00:00+01:00,
766,4880,DWD,1984-09-01 00:00:00+02:00,
767,2349,Wetterdienst,1931-10-01 00:00:00+01:00,1952-11-10 00:00:00+01:00
768,2349,DWD,1952-11-11 00:00:00+01:00,
769,3234,Wetterdienst,1910-03-01 00:00:00+00:00,1949-12-31 00:00:00+01:00
770,3234,Meteorologischer Dienst der DDR,1950-01-01 00:00:00+01:00,1990-12-31 00:00:00+01:00
771,3234,DWD,1991-01-01 00:00:00+01:00,1998-04-16 00:00:00+02:00
772,3234,DWD,2003-07-04 00:00:00+02:00,
773,6346,DWD,2003-11-01 00:00:00+01:00,
774,3939,Wetterdienst,1899-01-11 00:00:00+00:18,1944-12-31 00:00:00+01:00
775,3939,Wetterdienst,1946-08-01 00:00:00+02:00,1952-11-10 00:00:00+01:00
776,3939,DWD,1952-11-11 00:00:00+01:00,1976-03-31 00:00:00+01:00
777,3939,DWD,2004-06-14 00:00:00+02:00,
778,4704,Wetterdienst,1906-06-01 00:00:00+00:00,1952-11-10 00:00:00+01:00
779,4704,DWD,1952-11-11 00:00:00+01:00,
780,1048,Wetterdienst,1926-04-01 00:00:00+00:00,1952-11-10 00:00:00+01:00
781,1048,Meteorologischer Dienst der DDR,1952-11-11 00:00:00+01:00,1990-12-31 00:00:00+01:00
782,1048,DWD,1991-01-01 00:00:00+01:00,
783,6096,DWD,1998-07-17 00:00:00+02:00,
784,282,Wetterdienst,1949-01-01 00:00:00+01:00,1952-11-10 00:00:00+01:00
785,282,DWD,1952-11-11 00:00:00+01:00,
786,379,Meteorologischer Dienst der DDR,1954-07-01 00:00:00+01:00,1990-09-30 00:00:00+02:00
787,379,DWD,2016-07-08 00:00:00+02:00,
788,2252,Wetterdienst,1828-01-01 00:00:00+00:18,1949-12-31 00:00:00+01:00
789,2252,Meteorologischer Dienst der DDR,1950-01-01 00:00:00+01:00,1990-12-31 00:00:00+01:00
790,2252,DWD,1991-01-01 00:00:00+01:00,
791,13701,DWD,2007-08-30 00:00:00+02:00,
792,4411,DWD,1979-12-01 00:00:00+01:00,
793,6347,DWD,2003-11-01 00:00:00+01:00,
794,6101,DWD,2000-01-01 00:00:00+01:00,
795,5017,Wetterdienst,1920-10-01 00:00:00+01:00,1945-04-30 00:00:00+02:00
796,5017,Wetterdienst,1946-09-01 00:00:00+02:00,1952-11-10 00:00:00+01:00
797,5017,DWD,1952-11-11 00:00:00+01:00,1962-12-31 00:00:00+01:00
798,5017,DWD,1963-05-01 00:00:00+01:00,
799,2601,Wetterdienst,1891-01-01 00:00:00+00:18,1952-11-10 00:00:00+01:00
800,2601,DWD,1952-11-11 00:00:00+01:00,
801,3897,Wetterdienst,1934-03-01 00:00:00+00:00,1952-11-10 00:00:00+01:00
802,3897,DWD,1952-11-11 00:00:00+01:00,
803,5133,Wetterdienst,1910-09-01 00:00:00+00:00,1952-11-10 00:00:00+01:00
804,5133,DWD,1952-11-11 00:00:00+01:00,
805,7396,DWD,2006-03-01 00:00:00+01:00,
806,4169,DWD,1957-09-26 00:00:00+01:00,
807,4763,Wetterdienst,1950-02-23 00:00:00+01:00,1952-11-10 00:00:00+01:00
808,4763,DWD,1952-11-11 00:00:00+01:00,1991-05-31 00:00:00+02:00
809,4763,DWD,1993-12-01 00:00:00+01:00,1994-06-30 00:00:00+02:00
810,4763,DWD,1996-07-01 00:00:00+02:00,
811,5750,DWD,1952-09-01 00:00:00+01:00,
812,6259,DWD,2002-07-10 00:00:00+02:00,
813,2485,DWD,1934-09-01 00:00:00+01:00,2001-12-31 00:00:00+01:00
814,2485,DWD,2008-03-01 00:00:00+01:00,
815,3015,Wetterdienst,1906-04-01 00:00:00+00:00,1949-12-31 00:00:00+01:00
816,3015,Meteorologischer Dienst der DDR,1950-01-01 00:00:00+01:00,1990-12-31 00:00:00+01:00
817,3015,DWD,1991-01-01 00:00:00+01:00,
818,867,Wetterdienst,1882-08-01 00:00:00+00:18,1952-11-10 00:00:00+01:00
819,867,DWD,1952-11-11 00:00:00+01:00,
820,15189,DWD,2012-12-20 00:00:00+01:00,
821,4928,DWD,1957-01-01 00:00:00+01:00,
822,2925,Meteorologischer Dienst der DDR,1956-08-01 00:00:00+01:00,1990-12-31 00:00:00+01:00
823,2925,DWD,1991-01-01 00:00:00+01:00,
824,1214,DWD,1987-11-01 00:00:00+01:00,1999-09-30 00:00:00+02:00
825,1214,DWD,2001-09-26 00:00:00+02:00,
826,164,Wetterdienst,1899-04-15 00:00:00+00:18,1949-12-31 00:00:00+01:00
827,164,Meteorologischer Dienst der DDR,1950-01-01 00:00:00+01:00,1990-12-31 00:00:00+01:00
828,164,DWD,1991-01-01 00:00:00+01:00,
829,1694,Wetterdienst,1888-01-01 00:00:00+00:18,1949-12-31 00:00:00+01:00
830,1694,Meteorologischer Dienst der DDR,1950-01-01 00:00:00+01:00,1990-12-31 00:00:00+01:00
831,1694,DWD,1991-01-01 00:00:00+01:00,
832,991,Wetterdienst,1910-01-01 00:00:00+00:00,1949-12-31 00:00:00+01:00
833,991,Meteorologischer Dienst der DDR,1950-01-01 00:00:00+01:00,1990-12-31 00:00:00+01:00
834,991,DWD,1991-01-01 00:00:00+01:00,
835,3484,GeophysBdBw,1961-05-02 00:00:00+01:00,2003-03-10 00:00:00+01:00
836,3484,GeoInfoDBw,2003-03-11 00:00:00+01:00,
837,856,DWD,1976-05-03 00:00:00+01:00,
838,4997,DWD,1994-10-01 00:00:00+01:00,
839,4480,Wetterdienst,1884-06-01 00:00:00+00:18,1914-03-31 00:00:00+00:00
840,4480,Wetterdienst,1916-06-01 00:00:00+02:00,1919-12-31 00:00:00+00:00
841,4480,Wetterdienst,1922-01-01 00:00:00+00:00,1925-10-31 00:00:00+00:00
842,4480,Wetterdienst,1926-01-01 00:00:00+00:00,1944-12-31 00:00:00+01:00
843,4480,Wetterdienst,1946-11-01 00:00:00+01:00,1952-11-10 00:00:00+01:00
844,4480,DWD,1952-11-11 00:00:00+01:00,1958-05-31 00:00:00+01:00
845,4480,DWD,1958-10-01 00:00:00+01:00,1969-11-30 00:00:00+01:00
846,4480,DWD,1970-02-01 00:00:00+01:00,1970-11-30 00:00:00+01:00
847,4480,DWD,1971-02-01 00:00:00+01:00,1971-05-31 00:00:00+01:00
848,4480,DWD,1971-12-01 00:00:00+01:00,1985-06-30 00:00:00+02:00
849,4480,DWD,1985-10-01 00:00:00+01:00,1990-11-30 00:00:00+01:00
850,4480,DWD,1991-04-01 00:00:00+02:00,2003-12-31 00:00:00+01:00
851,4480,DWD,2004-09-01 00:00:00+02:00,
852,13710,DWD,2007-09-01 00:00:00+02:00,
853,4911,DWD,1948-08-01 00:00:00+01:00,1975-06-30 00:00:00+01:00
854,4911,GeoInfoDBw,1975-07-01 00:00:00+01:00,1994-04-30 00:00:00+02:00
855,4911,DWD,1994-05-01 00:00:00+02:00,
856,788,Wetterdienst,1891-05-01 00:00:00+00:18,1945-02-28 00:00:00+01:00
857,788,Wetterdienst,1945-04-01 00:00:00+01:00,1952-11-10 00:00:00+01:00
858,788,DWD,1952-11-11 00:00:00+01:00,1964-04-30 00:00:00+01:00
859,788,Landesamt fr Natur und Umwelt des Landes Schleswig-Holstein,1964-05-01 00:00:00+01:00,2007-10-25 00:00:00+02:00
860,788,DWD,2007-10-26 00:00:00+02:00,
861,917,DWD,1995-08-01 00:00:00+02:00,
862,6336,DWD,2003-08-11 00:00:00+02:00,
863,5397,Wetterdienst,1879-01-01 00:00:00+00:18,1952-11-10 00:00:00+01:00
864,5397,DWD,1952-11-11 00:00:00+01:00,
865,2680,Wetterdienst,1902-11-01 00:00:00+00:00,1952-11-10 00:00:00+01:00
866,2680,DWD,1952-11-11 00:00:00+01:00,
867,5078,Wetterdienst,1928-09-01 00:00:00+01:00,1934-09-30 00:00:00+01:00
868,5078,Wetterdienst,1936-01-01 00:00:00+00:00,1952-11-10 00:00:00+01:00
869,5078,DWD,1952-11-11 00:00:00+01:00,
870,6157,DWD,1999-02-01 00:00:00+01:00,
871,954,DWD,1945-08-24 00:00:00+02:00,
872,1266,Wetterdienst,1891-07-01 00:00:00+00:18,1952-11-10 00:00:00+01:00
873,1266,DWD,1952-11-11 00:00:00+01:00,
874,6217,DWD,2001-04-01 00:00:00+02:00,
875,3987,DWD,1893-01-01 00:00:00+00:18,
876,13952,DWD,2008-09-25 00:00:00+02:00,
877,1832,DWD,1982-11-01 00:00:00+01:00,
878,3257,Wetterdienst,1836-01-01 00:00:00+00:18,1952-11-10 00:00:00+01:00
879,3257,DWD,1952-11-11 00:00:00+01:00,
880,6253,DWD,2001-09-01 00:00:00+02:00,
881,15044,DWD,2011-06-17 00:00:00+02:00,
882,5275,Wetterdienst,1936-12-13 00:00:00+00:00,1952-11-10 00:00:00+01:00
883,5275,DWD,1952-11-11 00:00:00+01:00,
884,2014,DWD,1856-01-01 00:00:00+00:18,
885,1013,DWD,1980-01-01 00:00:00+01:00,
886,1975,Wetterdienst,1936-01-01 00:00:00+00:00,1952-11-10 00:00:00+01:00
887,1975,DWD,1952-11-11 00:00:00+01:00,
888,13674,DWD,2007-03-08 00:00:00+01:00,
889,2627,DWD,1996-05-01 00:00:00+02:00,
890,96,DWD,1962-08-01 00:00:00+01:00,2001-12-31 00:00:00+01:00
891,96,DWD,2018-07-03 00:00:00+02:00,
892,850,GeophysBdBw,1958-07-01 00:00:00+01:00,2003-03-10 00:00:00+01:00
893,850,GeoInfoDBw,2003-03-11 00:00:00+01:00,
894,1993,Wetterdienst,1891-06-01 00:00:00+00:18,1952-11-10 00:00:00+01:00
895,1993,DWD,1952-11-11 00:00:00+01:00,2007-10-30 00:00:00+01:00
896,1993,DWD,2009-08-04 00:00:00+02:00,
897,6273,DWD,2002-06-17 00:00:00+02:00,
898,1300,Wetterdienst,1891-07-01 00:00:00+00:18,1952-11-10 00:00:00+01:00
899,1300,DWD,1952-11-11 00:00:00+01:00,1999-12-31 00:00:00+01:00
900,1300,DWD,2002-09-12 00:00:00+02:00,
901,4175,DWD,1937-05-20 00:00:00+01:00,2015-01-06 00:00:00+01:00
902,4175,DWD,2015-09-10 00:00:00+02:00,
903,5676,Wetterdienst,1891-05-01 00:00:00+00:18,1952-11-10 00:00:00+01:00
904,5676,DWD,1952-11-11 00:00:00+01:00,
905,7374,DWD,2005-12-06 00:00:00+01:00,
906,3278,Wetterdienst,1924-06-20 00:00:00+01:00,1952-11-10 00:00:00+01:00
907,3278,DWD,1952-11-11 00:00:00+01:00,2008-06-10 00:00:00+02:00
908,3278,DWD,2008-12-02 00:00:00+01:00,
909,1051,Wetterdienst,1883-01-01 00:00:00+00:18,1949-12-31 00:00:00+01:00
910,1051,Meteorologischer Dienst der DDR,1950-01-01 00:00:00+01:00,1990-12-31 00:00:00+01:00
911,1051,DWD,1991-01-01 00:00:00+01:00,
912,2700,DWD,1960-12-01 00:00:00+01:00,
913,3376,Wetterdienst,1883-01-01 00:00:00+00:18,1949-12-31 00:00:00+01:00
914,3376,Meteorologischer Dienst der DDR,1950-01-01 00:00:00+01:00,1990-12-31 00:00:00+01:00
915,3376,DWD,1991-01-01 00:00:00+01:00,
916,5629,Wetterdienst,1882-07-01 00:00:00+00:18,1949-12-31 00:00:00+01:00
917,5629,Meteorologischer Dienst der DDR,1950-01-01 00:00:00+01:00,1990-12-31 00:00:00+01:00
918,5629,DWD,1991-01-01 00:00:00+01:00,
919,6266,DWD,2002-01-01 00:00:00+01:00,
920,983,Wetterdienst,1938-01-01 00:00:00+00:00,1952-11-10 00:00:00+01:00
921,983,DWD,1952-11-11 00:00:00+01:00,2005-12-31 00:00:00+01:00
922,983,DWD,2006-08-02 00:00:00+02:00,
923,2564,Wetterdienst,1927-02-01 00:00:00+00:00,1951-01-16 00:00:00+01:00
924,2564,GeophysBdBw,1951-01-17 00:00:00+01:00,2002-12-31 00:00:00+01:00
925,2564,GeoInfoDBw,2003-01-01 00:00:00+01:00,2012-12-31 00:00:00+01:00
926,2564,DWD,2013-01-01 00:00:00+01:00,
927,2480,Wetterdienst,1895-08-01 00:00:00+00:18,1952-11-10 00:00:00+01:00
928,2480,DWD,1952-11-11 00:00:00+01:00,
929,5099,Wetterdienst,1783-01-01 00:00:00+00:18,1952-11-10 00:00:00+01:00
930,5099,DWD,1952-11-11 00:00:00+01:00,1999-01-31 00:00:00+01:00
931,5099,DWD,2007-11-07 00:00:00+01:00,
932,2171,Wetterdienst,1884-05-01 00:00:00+00:18,1952-11-10 00:00:00+01:00
933,2171,DWD,1952-11-11 00:00:00+01:00,
934,460,Wetterdienst,1942-12-05 00:00:00+01:00,1952-11-10 00:00:00+01:00
935,460,DWD,1952-11-11 00:00:00+01:00,
936,1580,Wetterdienst,1884-07-01 00:00:00+00:18,1952-11-10 00:00:00+01:00
937,1580,DWD,1952-11-11 00:00:00+01:00,
938,3284,Wetterdienst,1865-01-01 00:00:00+00:18,1952-11-09 00:00:00+01:00
939,3284,DWD,1952-11-10 00:00:00+01:00,
940,217,Wetterdienst,1937-06-24 00:00:00+01:00,1952-11-10 00:00:00+01:00
941,217,DWD,1952-11-11 00:00:00+01:00,1970-12-31 00:00:00+01:00
942,217,DWD,1971-04-01 00:00:00+01:00,
943,2559,Wetterdienst,1879-01-01 00:00:00+00:18,1951-11-10 00:00:00+01:00
944,2559,DWD,1951-11-11 00:00:00+01:00,
945,1424,DWD,1985-01-01 00:00:00+01:00,
946,1736,Wetterdienst,1937-04-01 00:00:00+00:00,1952-11-10 00:00:00+01:00
947,1736,DWD,1952-11-11 00:00:00+01:00,1975-06-30 00:00:00+01:00
948,1736,DWD,1984-10-10 00:00:00+01:00,
949,953,Wetterdienst,1946-07-01 00:00:00+02:00,1952-11-10 00:00:00+01:00
950,953,DWD,1952-11-11 00:00:00+01:00,
951,3031,DWD,1980-12-01 00:00:00+01:00,
952,1587,DWD,1979-01-01 00:00:00+01:00,
953,6337,DWD,2003-08-11 00:00:00+02:00,
954,1684,Wetterdienst,1858-01-01 00:00:00+00:18,1949-12-31 00:00:00+01:00
955,1684,Meteorologischer Dienst der DDR,1950-01-01 00:00:00+01:00,1990-12-31 00:00:00+01:00
956,1684,DWD,1991-01-01 00:00:00+01:00,
957,4279,DWD,1989-04-18 00:00:00+02:00,
958,3975,DWD,1993-09-01 00:00:00+02:00,
959,3254,GeophysBdBw,1970-01-01 00:00:00+01:00,2003-03-10 00:00:00+01:00
960,3254,GeoInfoDBw,2003-03-11 00:00:00+01:00,
961,3028,Wetterdienst,1897-05-01 00:00:00+00:18,1952-11-10 00:00:00+01:00
962,3028,DWD,1952-11-11 00:00:00+01:00,
963,6106,DWD,1939-01-01 00:00:00+00:00,
964,1197,Wetterdienst,1909-04-01 00:00:00+00:00,1952-11-10 00:00:00+01:00
965,1197,DWD,1952-11-11 00:00:00+01:00,
966,2201,Wetterdienst,1931-04-13 00:00:00+00:00,1945-01-31 00:00:00+01:00
967,2201,Wetterdienst,1946-05-01 00:00:00+01:00,1949-12-31 00:00:00+01:00
968,2201,Meteorologischer Dienst der DDR,1950-01-01 00:00:00+01:00,1986-03-31 00:00:00+02:00
969,2201,DWD,1996-10-01 00:00:00+02:00,
970,5546,Meteorologischer Dienst der DDR,1964-11-01 00:00:00+01:00,1990-12-31 00:00:00+01:00
971,5546,DWD,1991-01-01 00:00:00+01:00,
972,3821,Wetterdienst,1901-08-01 00:00:00+00:18,1949-12-31 00:00:00+01:00
973,3821,Meteorologischer Dienst der DDR,1950-01-01 00:00:00+01:00,1990-12-31 00:00:00+01:00
974,3821,DWD,1991-01-01 00:00:00+01:00,
975,4592,Wetterdienst,1937-08-01 00:00:00+01:00,1952-11-10 00:00:00+01:00
976,4592,DWD,1952-11-11 00:00:00+01:00,
977,13693,DWD,2007-06-28 00:00:00+02:00,
978,3545,Wetterdienst,1897-04-01 00:00:00+00:18,1952-11-10 00:00:00+01:00
979,3545,DWD,1952-11-11 00:00:00+01:00,
980,4024,Wetterdienst,1851-01-01 00:00:00+00:18,1949-12-31 00:00:00+01:00
981,4024,Meteorologischer Dienst der DDR,1950-01-01 00:00:00+01:00,1990-12-31 00:00:00+01:00
982,4024,DWD,1991-01-01 00:00:00+01:00,
983,6264,DWD,2002-06-14 00:00:00+02:00,
984,979,Wetterdienst,1892-07-01 00:00:00+00:18,1952-11-10 00:00:00+01:00
985,979,DWD,1952-11-11 00:00:00+01:00,
986,1792,Wetterdienst,1937-02-01 00:00:00+00:00,1952-11-10 00:00:00+01:00
987,1792,DWD,1952-11-11 00:00:00+01:00,
988,5440,Wetterdienst,1876-06-01 00:00:00+00:18,1952-11-10 00:00:00+01:00
989,5440,DWD,1952-11-11 00:00:00+01:00,
990,3164,Wetterdienst,1866-01-01 00:00:00+00:18,1952-11-10 00:00:00+01:00
991,3164,DWD,1952-11-11 00:00:00+01:00,1991-01-17 00:00:00+01:00
992,3164,DWD,1993-04-01 00:00:00+02:00,2000-07-31 00:00:00+02:00
993,3164,DWD,2006-03-16 00:00:00+01:00,
994,5562,DWD,1995-04-01 00:00:00+02:00,2000-12-31 00:00:00+01:00
995,5562,DWD,2001-10-10 00:00:00+02:00,
996,5941,Wetterdienst,1896-10-01 00:00:00+00:18,1952-11-10 00:00:00+01:00
997,5941,DWD,1952-11-11 00:00:00+01:00,2003-10-31 00:00:00+01:00
998,5941,DWD,2006-07-18 00:00:00+02:00,
999,6263,DWD,2000-10-26 00:00:00+02:00,
1000,2961,DWD,1970-09-10 00:00:00+01:00,
1001,7075,DWD,2003-12-19 00:00:00+01:00,
1002,3319,DWD,1936-04-01 00:00:00+00:00,1952-11-10 00:00:00+01:00
1003,3319,DWD,1952-11-11 00:00:00+01:00,2005-12-31 00:00:00+01:00
1004,3319,DWD,2006-04-27 00:00:00+02:00,
1005,4189,Wetterdienst,1924-10-10 00:00:00+00:00,1952-11-10 00:00:00+01:00
1006,4189,DWD,1952-11-11 00:00:00+01:00,
1007,3509,DWD,2004-10-01 00:00:00+02:00,
1008,6211,DWD,1982-09-23 00:00:00+02:00,
1009,1590,Wetterdienst,1896-07-01 00:00:00+00:18,1952-11-10 00:00:00+01:00
1010,1590,DWD,1952-11-11 00:00:00+01:00,
1011,4445,Wetterdienst,1887-01-01 00:00:00+00:18,1949-12-31 00:00:00+01:00
1012,4445,Meteorologischer Dienst der DDR,1950-01-01 00:00:00+01:00,1990-12-31 00:00:00+01:00
1013,4445,DWD,1991-01-01 00:00:00+01:00,
1014,6262,DWD,2002-07-10 00:00:00+02:00,
1015,4275,Wetterdienst,1891-05-01 00:00:00+00:18,1952-11-10 00:00:00+01:00
1016,4275,DWD,1952-11-11 00:00:00+01:00,
1017,1327,Wetterdienst,1892-05-01 00:00:00+00:18,1952-11-10 00:00:00+01:00
1018,1327,DWD,1952-11-11 00:00:00+01:00,2003-09-30 00:00:00+02:00
1019,1327,DWD,2004-04-22 00:00:00+02:00,
1020,7427,DWD,2006-07-31 00:00:00+02:00,
1021,2773,GeophysBdBw,1974-01-01 00:00:00+01:00,2003-03-10 00:00:00+01:00
1022,2773,GeoInfoDBw,2003-03-11 00:00:00+01:00,
1023,154,DWD,1994-01-01 00:00:00+01:00,
1024,1420,Wetterdienst,1935-07-01 00:00:00+01:00,1952-11-10 00:00:00+01:00
1025,1420,DWD,1952-11-11 00:00:00+01:00,
1026,2290,Wetterdienst,1781-01-01 00:00:00+00:18,1952-11-10 00:00:00+01:00
1027,2290,DWD,1952-11-11 00:00:00+01:00,
1028,7368,DWD,2007-07-20 00:00:00+02:00,
1029,6199,DWD,2000-08-01 00:00:00+02:00,
1030,619,Wetterdienst,1876-01-01 00:00:00+00:18,1952-11-10 00:00:00+01:00
1031,619,DWD,1952-11-11 00:00:00+01:00,
1032,3155,Wetterdienst,1892-12-01 00:00:00+00:18,1893-10-31 00:00:00+00:18
1033,3155,Wetterdienst,1896-12-01 00:00:00+00:18,1898-01-31 00:00:00+00:18
1034,3155,Wetterdienst,1937-09-07 00:00:00+01:00,1944-11-30 00:00:00+01:00
1035,3155,DWD,1961-10-20 00:00:00+01:00,
1036,13777,DWD,2007-12-03 00:00:00+01:00,
1037,4841,Wetterdienst,1895-11-01 00:00:00+00:18,1952-11-10 00:00:00+01:00
1038,4841,DWD,1952-11-11 00:00:00+01:00,
1039,2115,Wetterdienst,1873-06-12 00:00:00+00:18,1952-11-10 00:00:00+01:00
1040,2115,DWD,1952-11-11 00:00:00+01:00,
1041,1224,Wetterdienst,1936-02-01 00:00:00+00:00,1952-11-10 00:00:00+01:00
1042,1224,DWD,1952-11-11 00:00:00+01:00,
1043,5404,Wetterdienst,1929-06-01 00:00:00+01:00,1952-11-10 00:00:00+01:00
1044,5404,DWD,1952-11-11 00:00:00+01:00,
1045,1964,Wetterdienst,1933-08-01 00:00:00+01:00,1952-11-10 00:00:00+01:00
1046,1964,DWD,1952-11-11 00:00:00+01:00,
1047,2377,DWD,1981-01-01 00:00:00+01:00,2005-03-31 00:00:00+02:00
1048,2377,DWD,2010-10-28 00:00:00+02:00,
1049,7321,DWD,2005-04-01 00:00:00+02:00,
1050,19171,DWD,2020-01-16 00:00:00+01:00,
1051,2947,Wetterdienst,1891-12-11 00:00:00+00:18,1952-11-10 00:00:00+01:00
1052,2947,DWD,1952-11-11 00:00:00+01:00,
1053,298,Wetterdienst,1937-01-01 00:00:00+00:00,1949-12-31 00:00:00+01:00
1054,298,Meteorologischer Dienst der DDR,1950-01-01 00:00:00+01:00,1991-12-31 00:00:00+01:00
1055,298,DWD,1992-01-01 00:00:00+01:00,
1056,896,Wetterdienst,1946-05-01 00:00:00+01:00,1949-12-31 00:00:00+01:00
1057,896,Meteorologischer Dienst der DDR,1950-01-01 00:00:00+01:00,1990-12-31 00:00:00+01:00
1058,896,DWD,1991-01-01 00:00:00+01:00,
1059,2486,Wetterdienst,1843-01-01 00:00:00+00:18,1952-11-10 00:00:00+01:00
1060,2486,DWD,1952-11-11 00:00:00+01:00,1994-06-30 00:00:00+02:00
1061,2486,DWD,1998-09-01 00:00:00+02:00,2000-01-31 00:00:00+01:00
1062,2486,DWD,2003-06-12 00:00:00+02:00,
1063,232,Wetterdienst,1946-11-01 00:00:00+01:00,1952-11-10 00:00:00+01:00
1064,232,DWD,1952-11-11 00:00:00+01:00,
1065,5930,Wetterdienst,1973-07-01 00:00:00+01:00,1990-10-02 00:00:00+01:00
1066,5930,DWD,1990-10-03 00:00:00+01:00,
1067,1411,Wetterdienst,1824-05-01 00:00:00+00:18,1949-12-31 00:00:00+01:00
1068,1411,Meteorologischer Dienst der DDR,1950-01-01 00:00:00+01:00,1990-12-31 00:00:00+01:00
1069,1411,DWD,1991-01-01 00:00:00+01:00,
1070,722,Wetterdienst,1836-01-01 00:00:00+00:18,1945-04-19 00:00:00+02:00
1071,722,Wetterdienst,1947-04-28 00:00:00+01:00,1949-12-31 00:00:00+01:00
1072,722,Meteorologischer Dienst der DDR,1950-01-01 00:00:00+01:00,1990-12-31 00:00:00+01:00
1073,722,DWD,1991-01-01 00:00:00+01:00,
1074,2812,Wetterdienst,1949-10-01 00:00:00+01:00,1952-11-10 00:00:00+01:00
1075,2812,DWD,1952-11-11 00:00:00+01:00,1991-09-17 00:00:00+02:00
1076,2812,DWD,1995-01-01 00:00:00+01:00,
1077,1504,GeophysBdBw,1958-01-17 00:00:00+01:00,2003-03-10 00:00:00+01:00
1078,1504,GeoInfoDBw,2003-03-11 00:00:00+01:00,
1079,6258,DWD,2002-09-12 00:00:00+02:00,
1080,2319,Wetterdienst,1952-09-01 00:00:00+01:00,1952-11-10 00:00:00+01:00
1081,2319,DWD,1952-11-11 00:00:00+01:00,1958-12-31 00:00:00+01:00
1082,2319,DWD,1982-11-16 00:00:00+01:00,
1083,2897,DWD,1990-08-28 00:00:00+02:00,
1084,2315,GeophysBdBw,1980-01-01 00:00:00+01:00,2003-03-10 00:00:00+01:00
1085,2315,GeoInfoDBw,2003-03-11 00:00:00+01:00,
1086,4706,Wetterdienst,,1940-03-31 00:00:00+01:00
1087,4706,Wetterdienst,1949-08-01 00:00:00+01:00,1952-11-10 00:00:00+01:00
1088,4706,DWD,1952-11-11 00:00:00+01:00,
1089,603,DWD,1986-07-01 00:00:00+02:00,
1090,6260,DWD,2002-09-10 00:00:00+02:00,
1091,2886,GeophysBdBw,1967-07-01 00:00:00+01:00,2003-03-10 00:00:00+01:00
1092,2886,GeoInfoDBw,2003-03-11 00:00:00+01:00,
1093,1228,Wetterdienst,1945-08-24 00:00:00+02:00,1952-11-10 00:00:00+01:00
1094,1228,DWD,1952-11-11 00:00:00+01:00,
1095,3612,Wetterdienst,1890-02-01 00:00:00+00:18,1952-11-10 00:00:00+01:00
1096,3612,DWD,1952-11-11 00:00:00+01:00,
1097,4919,DWD,1977-10-01 00:00:00+01:00,
1098,5064,DWD,2004-12-01 00:00:00+01:00,
1099,3093,Wetterdienst,1907-04-01 00:00:00+00:00,1952-11-10 00:00:00+01:00
1100,3093,DWD,1952-11-11 00:00:00+01:00,
1101,5426,DWD,1951-01-01 00:00:00+01:00,
1102,403,Freie Universitt Berlin,1950-01-01 00:00:00+01:00,
1103,6103,DWD,2000-06-15 00:00:00+02:00,
1104,2039,Kurverwaltung,1879-12-01 00:00:00+00:18,2004-06-30 00:00:00+02:00
1105,2039,DWD,2006-07-03 00:00:00+02:00,
1106,3362,DWD,1978-07-25 00:00:00+02:00,
1107,5692,Wetterdienst,1890-01-01 00:00:00+00:18,1952-11-10 00:00:00+01:00
1108,5692,DWD,1952-11-11 00:00:00+01:00,
1109,1759,Wetterdienst,1934-03-01 00:00:00+00:00,1945-05-31 00:00:00+02:00
1110,1759,Wetterdienst,1945-06-01 00:00:00+02:00,1949-12-31 00:00:00+01:00
1111,1759,Meteorologischer Dienst der DDR,1950-01-01 00:00:00+01:00,1990-12-31 00:00:00+01:00
1112,1759,DWD,1991-01-01 00:00:00+01:00,
1113,5516,Wetterdienst,1941-01-01 00:00:00+02:00,1952-11-10 00:00:00+01:00
1114,5516,DWD,1952-11-11 00:00:00+01:00,
1115,102,DWD,1970-06-04 00:00:00+01:00,
1116,3927,DWD,1956-10-01 00:00:00+01:00,
1117,1346,DWD,1925-05-01 00:00:00+01:00,
1118,1107,Wetterdienst,1899-02-01 00:00:00+00:18,1950-01-31 00:00:00+01:00
1119,1107,Wetterdienst,1950-03-01 00:00:00+01:00,1952-11-10 00:00:00+01:00
1120,1107,DWD,1952-11-11 00:00:00+01:00,1962-09-09 00:00:00+01:00
1121,1107,DWD,1962-11-01 00:00:00+01:00,
1122,1255,Wetterdienst,1885-02-10 00:00:00+00:18,1952-11-10 00:00:00+01:00
1123,1255,DWD,1952-11-11 00:00:00+01:00,
1124,3739,Wetterdienst,1948-09-27 00:00:00+01:00,1952-11-10 00:00:00+01:00
1125,3739,DWD,1952-11-11 00:00:00+01:00,
1126,259,DWD,1869-12-01 00:00:00+00:18,2001-08-31 00:00:00+02:00
1127,259,DWD,2003-02-25 00:00:00+01:00,
1128,6159,DWD,1959-02-27 00:00:00+01:00,
1129,757,Wetterdienst,1936-12-01 00:00:00+00:00,1952-11-10 00:00:00+01:00
1130,757,DWD,1952-11-11 00:00:00+01:00,
1131,5433,DWD,1956-04-19 00:00:00+01:00,1968-09-30 00:00:00+01:00
1132,5433,DWD,1968-10-24 00:00:00+01:00,1997-03-31 00:00:00+02:00
1133,5433,DWD,1997-06-24 00:00:00+02:00,
1134,6344,DWD,2003-10-01 00:00:00+02:00,
1135,1639,Wetterdienst,1844-01-01 00:00:00+00:18,1952-11-10 00:00:00+01:00
1136,1639,DWD,1952-11-11 00:00:00+01:00,
1137,44,GeophysBdBw,1945-08-01 00:00:00+02:00,1948-12-31 00:00:00+01:00
1138,44,GeophysBdBw,1952-01-01 00:00:00+01:00,1993-06-30 00:00:00+02:00
1139,44,DWD,1993-07-01 00:00:00+02:00,
1140,3527,Wetterdienst,1890-08-01 00:00:00+00:18,1952-11-10 00:00:00+01:00
1141,3527,DWD,1952-11-11 00:00:00+01:00,
1142,303,Wetterdienst,1902-07-01 00:00:00+00:00,1949-12-31 00:00:00+01:00
1143,303,Meteorologischer Dienst der DDR,1950-01-01 00:00:00+01:00,1990-12-31 00:00:00+01:00
1144,303,DWD,1991-01-01 00:00:00+01:00,
1145,5014,Wetterdienst,1951-05-01 00:00:00+01:00,1952-11-10 00:00:00+01:00
1146,5014,DWD,1952-11-11 00:00:00+01:00,
1147,4605,Wetterdienst,1910-01-01 00:00:00+00:00,1949-12-31 00:00:00+01:00
1148,4605,Meteorologischer Dienst der DDR,1950-01-01 00:00:00+01:00,1990-12-31 00:00:00+01:00
1149,4605,DWD,1991-01-01 00:00:00+01:00,
1150,4336,Wetterdienst,1949-04-01 00:00:00+01:00,1952-11-10 00:00:00+01:00
1151,4336,DWD,1952-11-11 00:00:00+01:00,
1152,5347,DWD,1974-06-19 00:00:00+01:00,
1153,5800,DWD,1975-10-03 00:00:00+01:00,
1154,7341,DWD,2005-06-22 00:00:00+02:00,
1155,3402,Wetterdienst,1875-01-01 00:00:00+00:18,1952-11-10 00:00:00+01:00
1156,3402,DWD,1952-11-11 00:00:00+01:00,
1157,1645,Wetterdienst,1908-07-01 00:00:00+00:00,1952-11-10 00:00:00+01:00
1158,1645,DWD,1952-11-11 00:00:00+01:00,
1159,6099,DWD,2000-04-20 00:00:00+02:00,
1160,7331,DWD,2005-06-01 00:00:00+02:00,
1161,5839,DWD,1990-07-01 00:00:00+02:00,
